aika_fi,tuuli100m_Pohjanmaa,puuska_Pohjanmaa,temp_Pohjanmaa,tuuli100m_Keski_Pohjanmaa,puuska_Keski_Pohjanmaa,temp_Keski_Pohjanmaa,tuuli100m_Pohjois_Pohjanmaa,puuska_Pohjois_Pohjanmaa,temp_Pohjois_Pohjanmaa,tuuli100m_Satakunta,puuska_Satakunta,temp_Satakunta,tuuli100m_Kainuu,puuska_Kainuu,temp_Kainuu,tuuli100m_Lappi,puuska_Lappi,temp_Lappi,tuulinopeus_100m_ka_ms,puuska_ka_ms,tuuliteho_indeksi,tuulivoima_toteutunut_MW,fingrid_ennuste_MW
2026-07-12 00:00:00+03:00,17.1,15.5,19.4,18.8,15.5,17.0,12.9,8.6,16.5,25.0,21.6,19.8,13.7,7.9,20.3,18.6,16.6,16.8,17.683333333333337,14.283333333333337,5529.583245370374,,
2026-07-12 01:00:00+03:00,17.9,18.0,18.5,15.5,12.6,16.2,13.1,13.7,16.4,24.7,21.2,19.1,13.4,7.6,19.9,23.0,32.4,15.8,17.933333333333334,17.583333333333332,5767.439703703704,,
2026-07-12 02:00:00+03:00,25.0,25.9,17.8,15.5,9.0,15.4,11.9,7.6,16.3,24.6,20.9,18.7,16.3,12.6,18.9,23.9,32.8,14.5,19.53333333333333,18.133333333333333,7452.965037037035,,
2026-07-12 03:00:00+03:00,28.4,28.1,17.5,16.5,14.4,14.5,13.7,6.5,15.9,6.9,21.2,18.6,12.5,12.6,17.8,24.0,31.3,12.4,17.0,19.016666666666666,4913.0,,
2026-07-12 04:00:00+03:00,28.3,30.6,17.5,17.3,13.7,13.7,15.8,12.6,16.6,26.8,24.5,18.2,8.5,4.3,17.7,25.8,31.3,11.9,20.416666666666668,19.5,8510.489004629631,,
2026-07-12 05:00:00+03:00,29.5,32.0,17.3,16.3,13.7,13.9,16.7,16.9,17.4,20.5,25.9,18.1,3.4,2.5,18.0,26.5,32.0,11.7,18.816666666666666,20.5,6662.359671296296,,
2026-07-12 06:00:00+03:00,25.6,33.1,17.5,11.8,11.2,15.2,23.3,28.1,18.1,20.4,17.3,18.1,7.5,10.4,18.8,27.8,34.2,11.6,19.4,22.383333333333336,7301.383999999998,,
2026-07-12 07:00:00+03:00,22.2,32.0,17.4,14.8,12.6,15.9,21.2,30.6,18.3,19.6,19.8,18.6,8.1,13.3,19.6,22.3,34.6,11.6,18.033333333333335,23.816666666666666,5864.460037037039,,
2026-07-12 08:00:00+03:00,24.1,35.3,17.8,15.1,15.1,16.6,20.3,33.1,18.3,12.2,17.6,19.7,8.3,15.1,20.8,24.2,33.8,12.0,17.366666666666667,25.0,5237.805962962963,,
2026-07-12 09:00:00+03:00,23.5,37.8,17.9,14.0,26.3,19.1,15.7,35.6,18.6,8.6,20.2,21.8,10.7,19.4,22.3,26.0,37.1,12.0,16.416666666666668,29.399999999999995,4424.405671296297,,
2026-07-12 10:00:00+03:00,26.7,37.1,17.3,20.2,27.4,19.3,14.3,28.4,18.5,25.1,34.9,21.1,14.2,23.8,23.6,25.3,36.7,12.5,20.96666666666667,31.383333333333336,9216.969962962965,,
2026-07-12 11:00:00+03:00,25.3,39.2,17.7,20.8,33.5,20.3,22.7,34.6,17.3,18.7,33.5,23.0,17.5,29.9,24.2,23.4,36.4,13.3,21.400000000000002,34.51666666666667,9800.344000000003,,
2026-07-12 12:00:00+03:00,26.0,38.9,17.2,20.9,33.1,18.9,27.5,39.2,17.1,19.5,31.3,24.4,16.6,30.2,24.6,24.4,37.8,14.2,22.483333333333334,35.083333333333336,11365.331245370371,,
2026-07-12 13:00:00+03:00,30.0,46.1,17.6,20.9,33.1,19.3,31.9,47.9,17.3,18.9,32.4,25.3,16.7,29.9,24.8,24.2,37.1,14.7,23.766666666666666,37.75,13424.707296296294,,
2026-07-12 14:00:00+03:00,30.2,46.4,17.8,22.1,36.7,20.4,29.5,48.6,17.7,15.9,31.0,25.9,18.8,32.8,24.9,22.6,36.7,15.4,23.183333333333334,38.699999999999996,12460.275328703705,,
2026-07-12 15:00:00+03:00,30.4,50.0,18.6,23.7,39.6,19.0,31.5,48.2,18.1,12.0,27.0,21.8,28.9,38.9,23.9,22.5,34.2,13.9,24.833333333333332,39.650000000000006,15314.5787037037,,
2026-07-12 16:00:00+03:00,31.4,52.6,18.6,23.4,37.4,19.2,31.0,51.8,17.6,22.4,31.3,21.1,26.8,45.4,23.8,21.1,32.4,13.9,26.016666666666666,41.81666666666667,17609.821671296293,,
2026-07-12 17:00:00+03:00,27.1,50.8,18.9,25.4,39.2,19.2,28.6,51.1,17.6,20.9,31.3,23.1,28.1,42.8,23.7,21.4,32.4,14.3,25.25,41.266666666666666,16098.453125,,
2026-07-12 18:00:00+03:00,26.0,44.3,19.0,22.7,38.5,19.0,29.9,48.6,17.3,18.4,31.0,23.3,26.4,43.2,22.6,20.0,32.0,14.7,23.900000000000002,39.6,13651.919000000004,,
2026-07-12 19:00:00+03:00,23.0,42.1,19.0,22.6,34.6,18.3,32.6,52.6,16.8,16.6,28.1,22.7,26.2,40.0,21.9,18.5,29.9,14.8,23.25,37.88333333333333,12568.078125,,
2026-07-12 20:00:00+03:00,22.2,36.7,18.4,23.7,33.8,17.0,32.5,52.6,16.6,18.0,23.0,22.3,21.3,38.5,19.6,18.3,28.1,14.7,22.666666666666668,35.449999999999996,11645.629629629631,,
2026-07-12 21:00:00+03:00,18.9,33.8,17.4,21.2,33.5,15.7,34.0,52.2,16.4,21.8,23.0,21.0,23.2,23.4,20.5,13.9,28.4,14.1,22.166666666666668,32.38333333333333,10891.837962962965,,
2026-07-12 22:00:00+03:00,19.8,28.4,16.5,22.6,29.9,14.8,35.8,51.8,16.3,23.9,28.8,19.7,24.7,32.0,19.7,11.1,17.6,13.5,22.983333333333334,31.416666666666668,12140.569162037038,,
2026-07-12 23:00:00+03:00,20.6,25.9,15.7,23.5,25.9,14.1,35.1,48.6,16.1,25.6,28.8,18.3,16.0,30.6,17.2,10.2,10.1,12.0,21.833333333333332,28.316666666666666,10407.828703703703,,
2026-07-13 00:00:00+03:00,18.5,24.1,15.3,24.8,25.9,13.7,33.9,46.1,15.9,25.6,28.4,17.4,21.5,21.2,17.5,10.8,6.8,10.9,22.516666666666666,25.416666666666668,11415.956254629627,,
2026-07-13 01:00:00+03:00,21.3,23.0,15.0,24.9,25.9,13.4,32.5,43.6,15.5,26.5,27.7,16.6,22.6,27.0,17.1,11.4,6.8,10.2,23.200000000000003,25.666666666666668,12487.168000000005,,
2026-07-13 02:00:00+03:00,21.5,24.1,15.5,23.9,25.6,13.3,32.2,41.0,15.0,26.9,27.7,15.8,22.3,26.3,16.6,13.6,7.9,9.4,23.400000000000002,25.433333333333337,12812.904000000004,,
2026-07-13 03:00:00+03:00,23.1,27.0,14.5,23.9,24.1,12.3,30.1,40.7,14.9,28.3,29.9,14.6,20.3,28.4,16.4,10.9,8.3,8.6,22.766666666666666,26.400000000000006,11800.443962962961,,
2026-07-13 04:00:00+03:00,25.1,25.9,14.3,24.4,21.6,12.2,29.4,36.4,14.7,29.9,30.2,14.3,22.3,29.2,15.9,10.9,6.5,8.6,23.66666666666667,24.96666666666667,13255.96296296297,,
2026-07-13 05:00:00+03:00,24.9,25.9,14.4,24.9,24.5,13.0,31.0,38.9,14.8,28.6,30.2,13.8,23.8,31.3,15.4,11.4,6.8,9.5,24.100000000000005,26.26666666666667,13997.521000000008,,
2026-07-13 06:00:00+03:00,22.9,25.6,15.3,26.2,28.1,13.7,32.9,45.4,15.0,27.4,28.4,14.0,24.0,32.8,15.3,8.7,8.6,10.7,23.683333333333334,28.150000000000002,13283.98824537037,,
2026-07-13 07:00:00+03:00,21.3,30.2,16.2,23.9,28.1,14.8,30.7,48.2,15.1,24.0,29.5,14.8,20.4,32.8,15.4,4.0,9.7,12.1,20.71666666666667,29.75,8891.184754629632,,
2026-07-13 08:00:00+03:00,23.4,36.0,17.1,25.3,35.6,15.6,29.6,47.2,15.3,22.2,29.9,15.8,18.6,31.7,16.1,3.8,10.8,13.5,20.483333333333338,31.866666666666664,8594.129578703709,,
2026-07-13 09:00:00+03:00,26.4,40.0,18.1,25.0,36.7,16.1,30.0,47.2,15.6,25.3,34.9,16.8,18.7,29.9,15.8,5.1,12.6,14.7,21.75,33.550000000000004,10289.109375,,
2026-07-13 10:00:00+03:00,28.5,45.7,18.3,24.7,38.2,17.1,30.5,50.4,16.0,26.9,39.6,18.0,19.4,31.0,15.9,6.9,16.6,15.6,22.816666666666666,36.916666666666664,11878.36300462963,,
2026-07-13 11:00:00+03:00,29.7,48.2,18.6,24.7,38.9,17.8,28.3,50.0,16.6,26.5,40.3,19.2,19.3,32.0,16.4,5.7,16.6,16.6,22.366666666666664,37.666666666666664,11189.322629629625,,
2026-07-13 12:00:00+03:00,30.2,49.7,18.8,23.7,38.9,18.6,27.4,47.9,17.1,24.7,39.6,20.2,18.6,31.7,16.8,4.0,15.1,17.8,21.433333333333334,37.15,9846.21137037037,,
2026-07-13 13:00:00+03:00,31.0,51.5,18.9,22.5,37.8,19.3,25.5,47.2,17.7,21.6,38.2,20.7,18.8,32.0,17.2,3.9,13.3,18.6,20.55,36.666666666666664,8678.316375,,
2026-07-13 14:00:00+03:00,30.9,51.5,18.9,21.6,36.4,19.6,25.4,45.0,18.1,19.1,34.6,21.2,18.3,32.0,17.4,8.3,18.4,19.6,20.599999999999998,36.31666666666667,8741.815999999997,,
2026-07-13 15:00:00+03:00,30.3,51.5,19.7,20.9,35.6,20.2,23.6,46.4,18.5,18.4,32.0,22.0,16.8,31.7,16.7,7.9,22.3,19.4,19.650000000000002,36.583333333333336,7587.307125000002,,
2026-07-13 16:00:00+03:00,28.3,50.0,19.2,20.1,34.6,20.3,24.7,43.2,18.4,17.1,30.2,21.9,17.4,29.5,17.4,10.0,19.4,20.3,19.600000000000005,34.483333333333334,7529.5360000000055,,
2026-07-13 17:00:00+03:00,26.3,47.2,19.2,22.1,35.6,19.8,22.4,43.2,18.2,17.0,28.4,21.6,17.7,29.9,17.5,10.2,20.2,20.0,19.283333333333335,34.083333333333336,7170.448578703706,,
2026-07-13 18:00:00+03:00,23.6,43.6,19.2,21.8,36.0,19.0,22.3,38.9,18.0,18.3,26.6,21.5,17.5,29.5,17.5,7.8,18.4,20.4,18.55,32.166666666666664,6383.101375000001,,
2026-07-13 19:00:00+03:00,21.3,38.9,19.0,21.7,34.2,18.4,20.8,37.8,18.0,18.8,26.6,21.3,16.3,28.4,17.3,7.7,14.4,20.7,17.766666666666666,30.05,5608.127296296296,,
2026-07-13 20:00:00+03:00,16.9,34.9,18.7,22.1,32.8,17.5,16.4,32.8,17.9,20.4,24.1,20.6,16.6,28.1,17.1,3.5,11.2,20.7,15.983333333333334,27.316666666666663,4083.2133287037045,,
2026-07-13 21:00:00+03:00,15.5,27.7,18.1,16.3,30.6,16.3,10.4,24.8,17.2,24.9,26.3,19.3,18.0,28.1,15.9,9.9,8.6,18.7,15.833333333333334,24.349999999999998,3969.3287037037044,,
2026-07-13 22:00:00+03:00,15.1,23.8,16.9,15.8,16.9,14.8,9.2,14.0,16.2,25.0,27.0,18.4,17.1,25.2,15.5,11.9,8.6,17.1,15.683333333333332,19.25,3857.5815787037027,,
2026-07-13 23:00:00+03:00,17.0,18.7,15.6,14.2,10.8,13.4,8.6,9.4,15.3,26.2,25.2,16.8,13.4,21.2,13.7,17.9,14.8,15.4,16.21666666666667,16.683333333333334,4264.6635046296315,,
2026-07-14 00:00:00+03:00,16.6,17.3,14.8,11.2,7.2,12.9,6.0,5.8,15.2,24.4,24.1,15.6,8.8,10.1,13.3,19.4,16.2,14.7,14.4,13.450000000000001,2985.9840000000004,,
2026-07-14 01:00:00+03:00,15.4,15.1,14.2,7.2,6.1,12.6,7.6,6.5,14.7,22.0,20.5,14.4,5.1,5.4,13.0,18.2,16.6,13.6,12.583333333333334,11.700000000000001,1992.4484953703707,,
2026-07-14 02:00:00+03:00,13.9,12.6,13.8,3.5,2.9,12.1,10.9,10.1,14.3,22.0,17.3,13.6,3.1,2.5,12.9,20.6,16.6,13.5,12.333333333333334,10.333333333333334,1876.0370370370374,,
2026-07-14 03:00:00+03:00,7.1,9.4,12.1,7.7,1.8,10.2,19.1,16.9,13.1,20.8,17.3,12.1,4.0,1.8,10.9,23.8,19.1,13.4,13.75,11.050000000000002,2599.609375,,
2026-07-14 04:00:00+03:00,4.3,4.3,11.6,8.8,3.6,9.9,21.9,23.4,13.1,18.6,16.9,11.5,10.1,8.3,10.9,25.0,22.0,14.7,14.783333333333333,13.083333333333334,3230.8523287037037,,
2026-07-14 05:00:00+03:00,2.2,6.1,11.4,10.2,5.4,10.1,23.5,26.3,13.5,14.5,13.7,10.9,13.9,13.3,11.5,26.2,24.5,15.4,15.083333333333334,14.883333333333333,3431.563078703704,,
2026-07-14 06:00:00+03:00,3.7,10.8,12.5,10.8,10.8,11.1,22.8,27.0,14.3,12.1,10.8,11.6,13.2,14.8,12.1,25.8,26.6,16.0,14.733333333333333,16.8,3198.1810370370363,,
2026-07-14 07:00:00+03:00,5.9,12.2,14.5,10.8,10.8,12.5,22.4,27.7,15.4,10.4,11.2,13.2,12.5,15.8,13.4,22.5,26.6,16.0,14.083333333333334,17.383333333333336,2793.292245370371,,
2026-07-14 08:00:00+03:00,7.3,15.1,16.3,9.6,10.4,14.3,20.4,29.9,16.6,6.5,10.1,15.4,10.3,18.0,15.1,18.5,26.6,17.4,12.1,18.349999999999998,1771.561,,
2026-07-14 09:00:00+03:00,8.5,18.7,18.3,7.6,14.0,16.8,22.8,34.6,17.7,2.2,10.1,17.5,11.2,22.3,16.4,16.3,28.4,18.4,11.433333333333335,21.349999999999998,1494.5780370370378,,
2026-07-14 10:00:00+03:00,10.6,23.0,19.6,9.3,18.4,18.7,24.7,38.9,18.7,4.2,12.6,19.1,10.9,21.6,17.5,19.1,31.3,18.9,13.133333333333333,24.3,2265.2957037037036,,
2026-07-14 11:00:00+03:00,13.7,27.7,20.8,10.8,20.9,20.1,28.0,45.0,19.2,5.2,14.8,20.1,11.2,23.0,18.5,17.5,31.3,19.3,14.4,27.116666666666664,2985.9840000000004,,
2026-07-14 12:00:00+03:00,17.6,33.1,21.4,11.6,22.3,21.4,29.6,47.9,18.9,6.6,16.9,21.0,10.7,23.0,19.4,18.2,30.6,19.2,15.716666666666669,28.96666666666667,3882.2305879629644,,
2026-07-14 13:00:00+03:00,20.9,37.1,21.6,13.6,24.8,22.5,28.4,47.9,19.0,10.5,21.6,21.5,10.8,22.3,20.0,18.0,31.0,18.7,17.033333333333335,30.783333333333335,4941.956703703705,,
2026-07-14 14:00:00+03:00,23.5,40.0,21.2,15.7,27.4,23.4,26.9,46.1,19.3,14.0,26.3,21.5,12.8,24.8,21.2,17.4,29.9,18.7,18.38333333333333,32.41666666666667,6212.591328703699,,
2026-07-14 15:00:00+03:00,22.4,40.3,22.0,17.1,28.8,24.1,24.0,44.3,19.8,17.3,28.4,21.7,14.2,28.1,21.9,18.8,32.8,19.7,18.966666666666665,33.78333333333333,6822.963296296294,,
2026-07-14 16:00:00+03:00,20.0,37.4,21.7,18.9,30.6,24.3,20.3,38.5,19.8,17.5,29.9,21.3,15.9,28.1,22.2,20.6,32.8,19.9,18.86666666666667,32.88333333333333,6715.610962962967,,
2026-07-14 17:00:00+03:00,18.9,34.2,22.1,19.3,31.0,23.9,18.6,33.8,20.0,15.4,28.8,21.0,17.3,28.8,22.4,23.2,33.8,19.3,18.783333333333335,31.73333333333333,6627.015662037039,,
2026-07-14 18:00:00+03:00,19.9,31.7,22.1,17.2,29.9,23.5,20.8,31.3,19.8,13.7,25.6,20.5,17.6,28.8,22.4,20.8,38.5,18.6,18.333333333333332,30.96666666666667,6162.037037037036,,
2026-07-14 19:00:00+03:00,22.3,31.7,21.8,14.8,25.6,23.1,20.0,30.6,19.6,12.4,23.0,19.9,18.5,27.4,22.3,22.2,35.6,18.3,18.366666666666667,28.983333333333334,6195.709296296297,,
2026-07-14 20:00:00+03:00,21.5,29.9,21.6,13.5,20.5,22.3,18.7,27.0,19.3,10.9,20.2,19.2,23.1,28.1,21.8,21.5,36.0,17.1,18.200000000000003,26.950000000000003,6028.568000000003,,
2026-07-14 21:00:00+03:00,21.7,27.0,21.4,13.3,13.7,20.5,19.3,23.0,18.6,13.5,16.6,18.2,25.1,29.5,20.3,18.7,27.4,16.1,18.6,22.86666666666667,6434.856000000002,,
2026-07-14 22:00:00+03:00,19.8,24.5,20.0,15.3,9.4,18.7,21.0,21.2,18.1,14.3,16.6,16.7,28.5,33.1,19.3,19.2,21.2,15.5,19.683333333333334,20.999999999999996,7625.984912037037,,
2026-07-14 23:00:00+03:00,12.0,19.8,18.5,12.2,9.7,17.0,28.5,29.2,17.9,15.1,12.2,15.0,25.0,33.5,18.2,18.7,19.4,14.5,18.583333333333332,20.633333333333336,6417.5734953703695,,
2026-07-15 00:00:00+03:00,25.6,21.6,19.5,10.1,6.8,15.8,29.5,33.5,18.2,16.5,11.2,14.5,23.8,27.4,17.6,20.9,22.7,14.6,21.066666666666666,20.533333333333335,9349.480296296297,,
2026-07-15 01:00:00+03:00,30.1,30.6,20.1,11.8,6.5,15.1,30.4,34.2,18.0,18.6,13.0,14.5,23.6,27.4,17.3,20.0,24.8,13.9,22.416666666666668,22.750000000000004,11264.530671296297,,
2026-07-15 02:00:00+03:00,30.6,33.1,19.5,13.9,8.3,14.5,27.2,35.3,17.7,20.0,15.1,14.7,21.2,26.6,17.0,16.9,23.8,12.9,21.633333333333336,23.700000000000003,10124.42403703704,,
2026-07-15 03:00:00+03:00,28.7,32.8,17.7,17.6,12.2,13.3,27.6,33.5,16.9,18.1,15.1,14.0,19.9,24.5,15.8,12.6,19.1,12.1,20.75,22.866666666666664,8934.171875,,
2026-07-15 04:00:00+03:00,29.5,31.7,17.8,20.6,14.4,12.9,27.5,32.4,17.0,18.0,12.2,14.3,19.7,19.8,16.0,12.0,13.3,11.7,21.216666666666665,20.633333333333333,9550.617671296293,,
2026-07-15 05:00:00+03:00,26.5,31.3,17.3,19.3,14.4,13.3,28.5,36.4,16.9,21.6,15.1,14.6,18.9,20.2,16.0,11.3,15.5,11.6,21.01666666666667,22.149999999999995,9283.067504629633,,
2026-07-15 06:00:00+03:00,21.3,26.6,17.3,19.9,14.8,14.5,28.6,39.6,16.9,22.5,18.7,15.7,20.0,27.7,16.4,11.9,17.3,11.0,20.700000000000003,24.11666666666667,8869.743000000004,,
2026-07-15 07:00:00+03:00,16.7,23.8,17.9,21.0,16.9,15.9,23.9,40.7,17.0,18.8,18.7,16.7,18.4,28.1,16.6,10.2,16.9,10.7,18.166666666666668,24.183333333333337,5995.5046296296305,,
2026-07-15 08:00:00+03:00,12.5,24.1,18.6,12.8,18.7,17.1,21.6,36.7,17.3,16.3,16.9,18.2,16.3,27.7,17.0,7.9,16.6,11.3,14.566666666666668,23.450000000000003,3090.8686296296305,,
2026-07-15 09:00:00+03:00,13.8,25.6,19.7,14.3,23.4,18.0,21.6,38.9,17.5,12.6,18.0,19.5,17.7,26.3,17.7,6.5,15.1,11.9,14.416666666666666,24.55,2996.364004629629,,
2026-07-15 10:00:00+03:00,12.0,25.9,20.1,13.4,24.1,18.9,23.5,39.2,17.4,13.3,21.2,20.7,20.8,33.8,18.2,8.3,18.4,12.9,15.216666666666667,27.099999999999998,3523.372671296296,,
2026-07-15 11:00:00+03:00,13.5,29.2,20.8,16.0,27.7,19.5,24.2,41.8,17.5,15.5,25.2,21.5,26.6,42.1,18.6,8.6,18.7,13.6,17.400000000000002,30.78333333333333,5268.024000000002,,
2026-07-15 12:00:00+03:00,12.6,28.4,21.3,16.3,28.4,20.2,21.7,41.4,17.4,16.0,26.6,22.1,26.2,42.5,18.5,7.3,19.1,13.8,16.683333333333334,31.066666666666663,4643.532412037037,,
2026-07-15 13:00:00+03:00,14.2,30.6,21.8,17.0,29.9,20.5,21.1,38.5,17.4,17.9,30.2,21.8,26.1,41.4,18.6,7.5,16.9,14.5,17.299999999999997,31.25,5177.716999999998,,
2026-07-15 14:00:00+03:00,14.5,31.3,21.9,17.8,31.0,20.6,22.3,39.6,16.8,17.6,30.2,21.4,24.7,41.0,18.1,7.3,16.9,14.9,17.366666666666664,31.666666666666668,5237.805962962961,,
2026-07-15 15:00:00+03:00,14.2,31.0,22.6,18.9,33.1,21.0,21.9,40.3,18.1,19.3,32.0,21.6,23.6,38.5,18.6,11.2,17.6,15.0,18.183333333333334,32.08333333333333,6012.021162037037,,
2026-07-15 16:00:00+03:00,16.6,33.1,22.0,19.7,33.1,20.2,24.8,43.9,17.7,19.3,32.0,20.8,22.4,37.4,18.4,10.7,20.9,15.4,18.916666666666664,33.4,6769.145254629627,,
2026-07-15 17:00:00+03:00,16.8,33.5,21.9,19.7,33.1,19.7,23.6,43.9,17.6,20.0,32.4,20.3,20.4,35.3,18.4,9.9,19.8,15.8,18.400000000000002,33.0,6229.504000000002,,
2026-07-15 18:00:00+03:00,12.6,31.0,22.3,20.2,31.7,19.2,22.3,40.3,17.8,18.7,31.7,20.4,19.9,34.9,17.9,8.4,18.0,16.0,17.016666666666666,31.266666666666666,4927.464171296296,,
2026-07-15 19:00:00+03:00,8.7,24.8,22.6,17.2,31.0,19.0,20.8,37.8,17.8,17.9,28.8,20.1,18.0,33.8,17.5,5.8,14.8,16.1,14.733333333333333,28.5,3198.1810370370363,,
2026-07-15 20:00:00+03:00,7.2,18.4,22.6,15.1,25.9,18.5,19.4,34.9,17.5,15.9,25.9,19.5,18.4,28.1,17.4,2.1,10.1,16.0,13.016666666666666,23.88333333333333,2205.4608379629626,,
2026-07-15 21:00:00+03:00,15.7,21.6,22.0,14.7,21.6,17.5,17.8,31.7,17.4,16.2,20.5,18.8,20.9,24.5,16.9,8.3,6.8,15.5,15.600000000000001,21.116666666666667,3796.416000000001,,
2026-07-15 22:00:00+03:00,18.4,27.0,20.4,17.8,15.8,16.0,17.2,23.4,17.1,13.5,16.6,17.4,19.1,25.6,16.8,11.5,9.4,14.3,16.25,19.63333333333333,4291.015625,,
2026-07-15 23:00:00+03:00,23.4,26.6,18.9,17.6,15.1,14.1,14.2,20.2,16.1,9.9,11.2,15.6,17.7,22.3,15.4,14.5,12.6,13.2,16.21666666666667,18.0,4264.6635046296315,,
2026-07-16 00:00:00+03:00,22.6,26.6,17.4,16.2,13.0,13.1,12.1,14.0,15.3,7.6,7.6,14.9,16.7,16.9,14.2,18.5,15.8,12.5,15.616666666666667,15.649999999999999,3808.59700462963,,
2026-07-16 01:00:00+03:00,20.6,22.3,16.6,14.9,10.8,12.5,8.4,7.9,14.7,7.4,5.4,14.4,14.5,14.0,13.8,21.7,19.4,13.1,14.583333333333334,13.299999999999999,3101.4901620370374,,
2026-07-16 02:00:00+03:00,18.7,19.1,15.8,13.8,8.6,12.1,6.5,5.8,14.0,15.3,11.9,13.9,11.7,9.7,13.5,22.5,21.2,13.7,14.75,12.716666666666667,3209.046875,,
2026-07-16 03:00:00+03:00,15.7,14.0,16.1,13.1,2.9,9.4,5.3,6.5,12.5,20.2,7.2,14.8,9.6,6.5,10.2,19.6,15.1,13.7,13.916666666666666,8.7,2695.2910879629626,,
2026-07-16 04:00:00+03:00,13.8,11.5,15.5,10.0,2.2,8.8,9.4,8.6,12.0,19.1,7.6,14.2,7.8,7.2,9.7,19.1,16.2,13.4,13.200000000000001,8.883333333333333,2299.9680000000008,,
2026-07-16 05:00:00+03:00,13.0,12.6,15.2,7.7,2.5,8.6,14.0,9.0,12.6,17.4,6.5,13.7,9.5,10.1,10.2,18.7,18.0,13.4,13.383333333333333,9.783333333333333,2397.137162037037,,
2026-07-16 06:00:00+03:00,12.1,15.8,15.1,4.6,3.2,8.8,15.0,8.3,13.8,17.0,7.2,13.9,12.8,9.7,11.1,17.3,23.4,13.6,13.133333333333333,11.266666666666666,2265.2957037037036,,
2026-07-16 07:00:00+03:00,11.8,18.7,15.5,0.4,3.2,14.5,15.7,13.0,15.8,16.3,14.8,15.7,11.9,16.2,12.9,16.8,23.8,14.9,12.15,14.950000000000001,1793.6133750000001,,
2026-07-16 08:00:00+03:00,7.5,18.4,16.4,2.1,4.3,15.6,16.8,22.3,17.7,11.6,16.2,17.2,10.4,19.4,14.5,17.3,25.2,15.8,10.950000000000001,17.633333333333333,1312.9323750000003,,
2026-07-16 09:00:00+03:00,6.0,11.9,17.9,2.7,7.9,16.9,18.1,28.1,18.5,6.6,18.7,19.1,11.7,22.3,15.4,21.3,28.4,16.8,11.066666666666665,19.55,1355.3469629629622,,
2026-07-16 10:00:00+03:00,4.0,11.5,19.2,4.1,12.2,18.1,20.9,32.8,19.4,6.6,20.9,20.8,11.9,24.1,17.5,25.7,32.0,18.4,12.200000000000001,22.25,1815.8480000000004,,
2026-07-16 11:00:00+03:00,4.0,13.7,20.5,4.7,15.5,19.0,22.8,36.0,20.2,7.2,22.7,22.0,11.1,23.4,18.7,24.6,33.8,19.3,12.4,24.183333333333337,1906.6240000000003,,
2026-07-16 12:00:00+03:00,6.2,15.1,21.8,5.5,16.9,21.1,24.2,41.0,20.7,7.0,23.4,23.3,10.2,22.3,20.0,25.2,34.9,21.2,13.049999999999999,25.599999999999998,2222.4476249999993,,
2026-07-16 13:00:00+03:00,10.1,21.6,22.5,7.3,19.1,22.1,25.3,41.4,21.4,6.0,23.4,24.2,10.9,22.7,20.5,25.9,36.7,22.4,14.25,27.48333333333333,2893.640625,,
2026-07-16 14:00:00+03:00,13.7,27.4,23.4,9.5,20.9,22.9,26.0,42.8,21.9,5.0,22.0,25.0,12.4,22.7,21.5,27.4,38.9,23.0,15.666666666666666,29.116666666666664,3845.296296296296,,
2026-07-16 15:00:00+03:00,15.5,28.8,24.4,11.4,23.0,23.6,28.3,46.8,22.3,1.8,20.9,25.5,8.6,23.0,22.7,30.6,44.3,23.5,16.03333333333333,31.133333333333336,4121.653370370369,,
2026-07-16 16:00:00+03:00,17.4,27.4,24.3,13.4,24.5,24.1,30.9,49.0,22.4,3.1,21.6,25.8,11.3,24.8,23.1,32.3,44.6,24.1,18.066666666666666,31.983333333333334,5897.040296296296,,
2026-07-16 17:00:00+03:00,18.1,28.4,25.1,14.9,24.8,24.6,33.0,50.0,22.8,7.5,29.9,25.8,16.5,26.3,23.5,33.6,43.9,24.6,20.599999999999998,33.88333333333333,8741.815999999997,,
2026-07-16 18:00:00+03:00,19.7,28.1,24.9,17.2,23.0,24.7,34.4,52.6,22.3,10.7,27.7,25.8,19.1,27.4,24.8,33.6,43.2,25.0,22.45,33.666666666666664,11314.856124999998,,
2026-07-16 19:00:00+03:00,22.1,28.1,24.5,17.6,23.8,24.5,35.1,52.9,21.4,10.5,24.5,25.6,20.9,27.4,23.6,31.5,42.8,24.8,22.950000000000003,33.25,12087.822375000005,,
2026-07-16 20:00:00+03:00,23.0,28.4,23.3,16.8,23.4,23.2,37.6,52.6,21.4,7.8,20.9,24.9,22.0,26.6,23.8,30.3,39.6,24.3,22.916666666666668,31.916666666666668,12035.228587962965,,
2026-07-16 21:00:00+03:00,24.2,27.7,22.3,16.6,19.1,22.0,40.7,50.4,20.9,9.5,16.9,23.9,24.6,26.3,22.8,29.9,41.0,22.7,24.25,30.233333333333334,14260.515625,,
2026-07-16 22:00:00+03:00,26.2,26.6,21.4,16.2,15.5,20.5,42.4,53.3,20.4,3.9,12.2,22.7,27.1,21.2,21.5,30.2,40.0,21.3,24.333333333333332,28.133333333333336,14408.037037037035,,
2026-07-16 23:00:00+03:00,27.3,24.5,20.2,20.1,15.8,18.8,43.3,55.8,19.5,8.5,7.9,20.1,30.0,17.3,19.7,25.7,34.6,19.9,25.816666666666663,25.983333333333334,17206.815504629623,,
2026-07-17 00:00:00+03:00,28.7,22.0,19.1,25.2,16.9,17.4,44.5,58.7,19.1,12.5,6.8,18.8,29.6,23.0,18.4,23.6,30.6,18.7,27.349999999999998,26.333333333333332,20458.415374999997,,
2026-07-17 01:00:00+03:00,29.6,18.7,18.3,27.1,15.8,16.0,45.4,59.0,18.5,18.8,11.2,17.9,29.6,24.1,17.6,22.7,25.6,16.8,28.866666666666664,25.733333333333334,24054.14429629629,,
2026-07-17 02:00:00+03:00,29.2,17.6,17.6,27.2,17.6,14.7,45.3,57.6,18.0,23.8,12.6,16.9,29.5,24.1,16.8,21.7,10.4,15.9,29.45,23.316666666666666,25542.058624999998,,
2026-07-17 03:00:00+03:00,30.4,17.3,17.2,26.9,18.7,14.2,44.4,56.2,17.6,26.5,15.5,15.9,30.2,23.8,16.1,19.8,15.5,14.7,29.7,24.5,26198.072999999997,,
2026-07-17 04:00:00+03:00,30.2,18.4,16.7,27.5,19.8,14.5,43.8,51.8,17.4,26.0,17.3,15.4,31.2,23.8,15.8,20.1,19.8,14.7,29.799999999999997,25.150000000000002,26463.591999999993,,
2026-07-17 05:00:00+03:00,29.8,19.1,16.6,27.5,21.6,14.6,40.3,47.2,17.3,25.9,17.3,15.3,30.5,28.8,16.0,18.1,20.2,15.0,28.683333333333334,25.7,23598.742412037038,,
2026-07-17 06:00:00+03:00,29.7,20.9,16.8,27.4,25.6,14.9,36.7,47.5,17.3,25.1,15.5,15.3,28.6,29.5,16.7,15.0,23.4,15.2,27.083333333333332,27.066666666666666,19865.8130787037,,
2026-07-17 07:00:00+03:00,30.1,24.5,17.6,25.9,26.3,16.5,29.7,44.6,17.4,25.7,16.6,16.4,27.3,29.9,17.9,15.9,23.0,15.8,25.76666666666667,27.483333333333334,17107.033962962967,,
2026-07-17 08:00:00+03:00,23.4,26.6,18.7,22.1,28.4,17.9,27.8,40.3,18.3,19.4,20.5,18.2,22.9,29.9,18.8,16.5,23.0,16.6,22.016666666666666,28.116666666666664,10672.218337962962,,
2026-07-17 09:00:00+03:00,23.8,27.7,20.1,18.9,28.8,18.6,24.3,36.7,19.1,16.8,24.5,20.4,25.3,32.0,19.9,16.1,25.9,17.6,20.866666666666664,29.266666666666666,9085.717629629626,,
2026-07-17 10:00:00+03:00,25.8,35.3,21.1,20.3,29.5,20.5,21.1,31.7,20.0,16.9,27.0,21.8,24.6,34.6,21.3,16.4,27.7,18.6,20.849999999999998,30.966666666666665,9063.964124999997,,
2026-07-17 11:00:00+03:00,28.4,37.4,22.0,21.9,30.6,22.1,19.9,30.6,20.7,18.0,27.7,23.2,23.0,35.6,23.0,19.1,29.9,19.2,21.716666666666665,31.96666666666667,10241.87558796296,,
2026-07-17 12:00:00+03:00,29.0,39.2,22.7,22.6,33.1,23.3,21.1,29.9,21.2,16.8,31.0,25.4,22.7,35.6,24.5,22.2,32.8,20.0,22.400000000000002,33.6,11239.424000000003,,
2026-07-17 13:00:00+03:00,30.1,38.5,23.3,23.6,34.9,23.6,21.4,29.9,21.9,15.9,31.3,26.4,24.4,36.4,25.5,22.6,33.8,20.9,23.0,34.13333333333333,12167.0,,
2026-07-17 14:00:00+03:00,30.6,40.0,24.2,23.9,34.2,24.2,20.5,28.4,21.9,15.4,32.4,26.8,25.1,38.2,26.5,23.3,33.8,19.8,23.133333333333336,34.5,12379.829037037041,,
2026-07-17 15:00:00+03:00,27.7,41.0,24.5,21.5,34.2,24.6,18.2,25.9,21.5,14.9,33.1,27.1,23.7,37.4,27.5,20.7,33.1,20.1,21.11666666666667,34.11666666666667,9416.209087962969,,
2026-07-17 16:00:00+03:00,26.6,40.0,24.3,21.7,31.3,25.7,15.5,24.1,22.1,16.2,33.8,27.2,22.8,37.4,28.3,18.1,30.2,19.7,20.150000000000002,32.8,8181.353375000002,,
2026-07-17 17:00:00+03:00,25.7,36.4,23.7,23.1,33.1,25.6,11.8,21.2,21.7,16.6,33.1,27.5,24.7,34.6,27.3,17.9,27.4,19.7,19.966666666666665,30.96666666666667,7960.066629629628,,
2026-07-17 18:00:00+03:00,24.3,33.5,23.4,23.2,34.9,25.2,11.2,19.1,22.3,16.7,37.8,27.5,24.8,34.6,26.6,17.1,24.5,19.5,19.55,30.733333333333334,7472.058875000001,,
2026-07-17 19:00:00+03:00,23.0,31.3,22.2,22.2,35.3,25.0,9.9,20.2,21.9,14.9,36.7,26.9,21.2,35.3,26.0,15.4,21.6,19.2,17.76666666666667,30.066666666666666,5608.1272962962985,,
2026-07-17 20:00:00+03:00,19.9,28.1,22.0,23.1,28.8,23.5,12.5,20.9,20.7,17.0,29.9,25.8,14.1,32.4,24.8,10.0,17.3,18.8,16.099999999999998,26.233333333333338,4173.280999999998,,
2026-07-17 21:00:00+03:00,16.4,23.4,21.8,13.1,12.2,22.4,12.1,18.7,19.6,18.0,25.2,25.0,8.8,20.9,24.4,7.8,13.7,18.0,12.700000000000001,19.01666666666667,2048.3830000000007,,
2026-07-17 22:00:00+03:00,18.2,22.3,21.4,8.8,10.1,21.1,14.2,16.9,18.7,19.7,27.7,23.8,4.9,7.9,22.7,12.1,8.6,17.1,12.983333333333334,15.583333333333334,2188.5608287037044,,
2026-07-17 23:00:00+03:00,19.6,19.8,20.5,14.4,7.9,19.0,13.2,11.2,18.1,23.9,17.6,22.4,13.7,11.9,21.2,11.3,5.4,16.2,16.016666666666666,12.300000000000002,4108.813337962963,,
2026-07-18 00:00:00+03:00,17.1,17.6,19.9,17.3,11.5,18.0,9.9,9.7,17.1,21.8,15.1,20.8,16.3,24.1,20.5,10.8,5.8,15.1,15.533333333333333,13.966666666666667,3747.9517037037035,,
2026-07-18 01:00:00+03:00,16.5,16.9,19.3,10.8,9.7,16.7,10.0,7.9,16.6,21.0,16.6,20.0,20.7,24.8,20.4,15.6,6.1,14.4,15.766666666666666,13.666666666666666,3919.400629629629,,
2026-07-18 02:00:00+03:00,10.9,12.6,19.1,10.8,6.5,16.0,7.5,6.1,16.7,19.6,19.4,19.5,30.8,20.9,19.5,17.1,6.1,13.7,16.11666666666667,11.933333333333332,4186.2549212962995,,
2026-07-18 03:00:00+03:00,6.7,13.7,18.0,7.5,7.2,15.1,6.4,8.6,16.8,17.8,18.0,18.6,18.8,22.0,18.6,18.0,6.1,12.8,12.533333333333333,12.6,1968.7917037037037,,
2026-07-18 04:00:00+03:00,1.8,11.5,17.4,7.1,9.4,14.9,1.6,9.7,16.5,16.3,18.0,18.0,23.3,18.4,17.4,19.7,5.8,12.8,11.633333333333333,12.133333333333333,1574.3907037037036,,
2026-07-18 05:00:00+03:00,7.0,13.3,17.0,11.2,10.8,14.8,2.1,10.8,16.5,18.8,17.6,17.4,20.2,19.8,17.7,17.8,14.8,13.4,12.85,14.516666666666667,2121.8241249999996,,
2026-07-18 06:00:00+03:00,8.6,7.9,17.3,8.8,6.5,14.7,4.7,11.9,16.6,22.7,18.0,17.3,17.6,23.8,18.2,16.5,19.1,13.4,13.15,14.533333333333331,2273.930875,,
2026-07-18 07:00:00+03:00,20.2,25.9,17.5,5.4,5.0,15.8,16.1,13.0,17.0,23.0,21.2,17.8,17.5,23.0,19.0,13.7,20.5,13.9,15.983333333333334,18.099999999999998,4083.2133287037045,,
2026-07-18 08:00:00+03:00,20.3,29.2,18.2,6.7,9.0,17.5,25.7,33.1,17.6,21.3,20.5,18.7,13.2,20.2,19.4,14.1,20.2,14.1,16.883333333333333,22.033333333333335,4812.542578703703,,
2026-07-18 09:00:00+03:00,22.7,45.0,18.1,14.1,18.7,18.2,24.3,33.8,17.4,13.4,20.5,19.9,11.9,18.7,20.7,13.5,20.2,14.3,16.650000000000002,26.149999999999995,4615.754625000001,,
2026-07-18 10:00:00+03:00,26.9,45.0,17.4,8.5,19.8,18.3,24.8,31.7,18.1,11.7,22.0,21.4,13.0,20.2,21.3,12.5,19.1,15.1,16.233333333333334,26.299999999999997,4277.826037037038,,
2026-07-18 11:00:00+03:00,33.0,40.3,16.9,11.1,20.9,18.5,25.9,23.0,18.5,12.6,21.2,22.8,8.3,21.2,22.3,10.0,20.9,16.9,16.816666666666666,24.583333333333332,4755.75800462963,,
2026-07-18 12:00:00+03:00,30.9,39.2,16.2,14.3,23.4,17.1,24.4,28.1,17.4,13.4,17.3,23.6,8.0,19.1,24.1,8.5,19.8,17.6,16.583333333333332,24.483333333333334,4560.531828703703,,
2026-07-18 13:00:00+03:00,31.8,37.1,16.0,16.1,22.7,15.8,24.9,29.9,16.7,20.3,16.9,23.8,16.7,20.9,23.1,13.2,22.3,17.6,20.500000000000004,24.96666666666667,8615.125000000004,,
2026-07-18 14:00:00+03:00,35.3,38.2,15.5,17.2,22.7,15.9,22.1,26.6,15.9,13.2,10.8,23.2,8.4,22.7,20.8,14.5,23.0,17.4,18.45,24.0,6280.426124999999,,
2026-07-18 15:00:00+03:00,36.5,39.2,15.4,23.1,28.4,15.8,23.6,26.6,15.3,15.5,20.2,22.2,9.4,15.5,22.4,13.0,26.6,18.6,20.183333333333334,26.08333333333333,8222.022828703704,,
2026-07-18 16:00:00+03:00,35.8,41.0,14.9,26.5,31.0,14.9,24.5,26.3,15.0,18.1,25.9,20.8,6.1,21.2,20.0,11.8,26.3,18.2,20.466666666666665,28.616666666666664,8573.168296296295,,
2026-07-18 17:00:00+03:00,32.4,37.4,14.8,22.4,28.8,14.5,22.7,24.5,15.5,12.0,24.1,20.3,7.3,21.2,20.2,13.7,26.6,17.6,18.416666666666668,27.099999999999998,6246.447337962964,,
2026-07-18 18:00:00+03:00,31.4,34.2,14.3,22.2,30.2,14.6,20.5,29.9,15.3,11.9,16.6,19.6,10.8,19.1,19.8,14.4,27.4,17.5,18.533333333333335,26.233333333333334,6365.911703703706,,
2026-07-18 19:00:00+03:00,30.9,36.4,13.9,20.3,26.3,13.6,20.9,28.8,14.6,17.9,18.4,18.7,4.7,17.6,18.9,15.9,27.7,17.2,18.433333333333334,25.866666666666664,6263.421370370371,,
2026-07-18 20:00:00+03:00,29.8,37.8,13.8,22.0,29.9,12.8,22.9,16.9,14.7,21.1,27.7,17.9,4.1,16.2,17.4,18.5,24.1,16.8,19.73333333333333,25.433333333333334,7684.247703703701,,
2026-07-18 21:00:00+03:00,31.4,33.5,13.8,23.9,25.2,12.3,20.4,13.7,14.7,24.7,23.0,17.7,15.3,15.8,16.5,16.5,31.3,16.3,22.03333333333333,23.75,10696.473370370368,,
2026-07-18 22:00:00+03:00,32.0,32.4,13.7,23.7,31.0,11.9,20.7,9.4,14.2,30.7,32.0,17.2,16.2,15.1,16.1,19.4,31.0,15.1,23.783333333333335,25.149999999999995,13452.969828703706,,
2026-07-18 23:00:00+03:00,31.0,33.5,13.5,25.5,32.8,11.6,17.0,5.8,13.9,32.6,35.3,16.4,17.0,20.9,15.3,22.2,20.9,13.3,24.216666666666665,24.866666666666664,14201.790171296294,,
2026-07-19 00:00:00+03:00,31.6,25.2,13.6,26.9,22.3,11.5,14.9,4.3,13.7,32.2,34.9,15.6,21.3,18.7,15.0,21.0,20.2,10.9,24.650000000000002,20.933333333333334,14977.894625000004,,
2026-07-19 01:00:00+03:00,32.9,23.4,13.6,28.3,24.5,11.3,11.4,7.9,13.0,33.9,34.6,14.8,20.5,20.9,14.5,21.4,20.5,9.6,24.733333333333334,21.96666666666667,15130.314370370372,,
2026-07-19 02:00:00+03:00,31.9,25.6,13.6,27.2,25.6,11.1,10.0,13.0,12.4,34.2,32.4,14.2,21.1,20.5,13.9,22.9,20.5,8.4,24.55,22.933333333333334,14796.346375000001,,
2026-07-19 03:00:00+03:00,32.9,26.3,13.7,30.7,26.6,10.8,27.2,10.4,11.6,30.8,33.5,13.7,25.3,25.9,13.3,21.2,22.7,7.1,28.016666666666666,24.233333333333334,21991.22333796296,,
2026-07-19 04:00:00+03:00,35.3,34.2,14.1,35.1,24.8,10.7,24.6,11.2,11.8,30.8,34.9,13.5,30.2,26.6,12.8,23.4,20.2,7.0,29.900000000000002,25.316666666666663,26730.899000000005,,
2026-07-19 05:00:00+03:00,39.9,55.8,14.3,28.2,20.2,10.7,34.0,34.2,12.8,31.6,38.9,13.4,29.4,36.7,12.3,23.5,23.0,7.7,31.099999999999998,34.800000000000004,30080.230999999992,,
2026-07-19 06:00:00+03:00,46.8,56.9,14.5,27.1,20.5,11.0,41.8,41.8,13.2,32.2,39.2,12.7,32.8,37.1,12.0,19.0,30.2,8.4,33.28333333333333,37.61666666666667,36870.620245370366,,
2026-07-19 07:00:00+03:00,47.5,60.1,14.9,28.2,19.8,11.4,39.7,46.8,13.7,33.3,40.0,12.9,35.3,36.7,12.1,18.9,30.2,9.5,33.81666666666667,38.93333333333333,38671.62217129631,,
2026-07-19 08:00:00+03:00,48.1,61.9,15.4,28.2,28.8,12.1,40.2,49.3,13.7,30.7,41.4,13.9,36.5,38.5,11.9,19.7,29.5,10.5,33.9,41.56666666666667,38958.219,,
2026-07-19 09:00:00+03:00,48.8,61.2,15.3,26.3,40.0,14.0,40.3,46.4,14.4,24.7,42.1,14.9,35.9,39.6,11.7,18.2,29.5,11.6,32.36666666666667,43.133333333333326,33907.35596296297,,
2026-07-19 10:00:00+03:00,49.7,59.4,15.5,30.7,40.7,15.0,40.8,50.4,14.7,29.7,40.3,16.2,32.8,37.4,11.6,18.0,30.6,12.4,33.61666666666667,43.13333333333333,37989.53200462963,,
2026-07-19 11:00:00+03:00,48.1,60.1,15.8,30.0,44.3,15.8,41.9,51.5,14.6,32.2,43.2,17.8,35.7,37.4,11.7,18.0,31.3,13.7,34.31666666666666,44.63333333333333,40412.46008796295,,
2026-07-19 12:00:00+03:00,45.4,59.4,16.1,31.0,47.2,16.0,40.7,52.9,14.6,29.1,43.6,18.9,32.4,39.2,11.7,17.9,33.1,14.6,32.75000000000001,45.900000000000006,35126.42187500002,,
2026-07-19 13:00:00+03:00,41.9,56.2,16.4,31.2,47.2,16.5,40.5,55.8,15.2,26.4,43.2,19.7,33.5,43.2,11.6,20.5,37.4,15.1,32.333333333333336,47.16666666666666,33802.70370370371,,
2026-07-19 14:00:00+03:00,39.1,54.4,16.8,32.6,49.0,16.8,38.9,56.9,16.0,24.1,40.7,20.3,34.5,45.4,11.5,22.0,37.4,15.7,31.866666666666664,47.300000000000004,32360.104296296286,,
2026-07-19 15:00:00+03:00,35.5,50.0,17.1,31.6,46.8,16.6,39.5,56.2,16.5,27.6,36.7,20.4,34.0,39.2,11.6,19.7,37.1,16.2,31.316666666666663,44.333333333333336,30713.30758796295,,
2026-07-19 16:00:00+03:00,34.5,46.8,17.3,31.7,46.4,16.3,39.5,54.7,16.8,22.4,36.0,20.8,33.4,30.2,12.3,18.7,35.6,16.6,30.03333333333333,41.61666666666666,27090.10003703703,,
2026-07-19 17:00:00+03:00,34.6,45.0,17.2,31.4,46.4,15.9,38.1,52.9,17.0,21.8,35.6,21.0,31.0,33.5,13.8,21.6,36.7,16.2,29.749999999999996,41.68333333333334,26330.60937499999,,
2026-07-19 18:00:00+03:00,25.7,42.8,17.6,29.1,43.6,15.7,35.5,49.3,16.7,23.5,33.5,20.6,25.5,33.1,14.3,18.3,35.3,16.1,26.26666666666667,39.599999999999994,18122.365629629636,,
2026-07-19 19:00:00+03:00,24.6,35.3,17.7,25.8,40.3,15.3,32.9,46.1,16.9,23.0,32.4,19.9,19.4,28.1,15.3,17.8,33.8,15.9,23.91666666666667,36.0,13680.499421296305,,
2026-07-19 20:00:00+03:00,21.2,29.5,17.7,21.3,34.9,14.8,30.1,42.1,16.5,23.5,32.0,18.8,14.0,20.2,15.2,19.6,34.2,14.9,21.616666666666664,32.15,10101.042004629626,,
2026-07-19 21:00:00+03:00,17.8,24.5,16.8,16.5,27.7,13.9,27.2,38.5,16.0,23.9,31.3,17.6,10.7,21.2,14.2,18.7,31.3,14.1,19.133333333333336,29.083333333333332,7004.415703703707,,
2026-07-19 22:00:00+03:00,17.1,19.1,15.6,17.4,16.6,12.1,25.0,30.6,15.3,25.7,25.9,16.4,7.7,16.6,13.3,19.6,28.8,13.2,18.75,22.933333333333337,6591.796875,,
2026-07-19 23:00:00+03:00,16.1,18.0,14.7,19.2,8.6,9.9,23.1,27.7,14.7,21.1,24.1,15.3,6.2,10.8,11.4,17.1,23.4,11.7,17.133333333333336,18.766666666666666,5029.50903703704,,
2026-07-20 00:00:00+03:00,14.3,16.6,14.3,19.4,6.8,7.4,22.0,22.0,14.1,22.1,20.5,14.8,7.8,10.8,9.8,15.4,10.4,9.0,16.833333333333336,14.516666666666667,4769.912037037039,,
2026-07-20 01:00:00+03:00,12.7,15.1,13.8,19.3,9.4,7.2,21.1,17.3,13.6,22.7,17.3,14.1,9.3,7.2,8.7,16.6,5.8,6.8,16.95,12.016666666666666,4869.777375,,
2026-07-20 02:00:00+03:00,9.1,16.6,13.3,19.3,11.5,7.1,19.4,16.6,12.7,23.8,18.7,13.3,10.4,7.6,7.4,15.2,6.8,5.4,16.2,12.966666666666667,4251.527999999999,,
2026-07-20 03:00:00+03:00,5.2,16.6,12.8,19.8,11.2,7.3,16.3,15.5,12.3,22.5,20.9,12.9,11.7,9.7,6.8,13.4,5.8,4.0,14.816666666666668,13.283333333333331,3252.756337962964,,
2026-07-20 04:00:00+03:00,9.3,15.5,12.6,18.1,6.1,6.3,15.5,14.4,11.5,23.5,20.5,12.3,14.4,7.9,6.4,14.4,5.8,3.7,15.866666666666669,11.700000000000001,3994.4509629629647,,
2026-07-20 05:00:00+03:00,12.9,13.3,12.5,15.1,4.3,5.9,10.7,10.8,10.1,23.1,22.3,12.0,16.6,8.6,6.5,13.3,5.8,5.4,15.283333333333333,10.850000000000001,3569.8852453703703,,
2026-07-20 06:00:00+03:00,13.2,12.6,12.0,14.7,3.6,6.5,7.8,8.3,9.3,22.7,22.7,11.8,13.5,18.4,8.5,8.7,6.8,7.9,13.433333333333332,12.066666666666665,2424.104703703703,,
2026-07-20 07:00:00+03:00,11.7,12.2,12.7,13.1,3.6,9.4,8.2,6.5,11.1,24.8,24.8,12.0,11.4,20.5,9.9,5.7,8.3,8.9,12.483333333333334,12.649999999999999,1945.3229120370374,,
2026-07-20 08:00:00+03:00,9.2,16.9,14.9,8.7,9.0,13.3,4.3,12.6,14.3,19.6,28.1,13.1,8.7,20.5,11.2,4.7,14.0,11.3,9.200000000000001,16.849999999999998,778.6880000000002,,
2026-07-20 09:00:00+03:00,10.2,18.4,15.8,8.0,15.8,15.2,3.4,10.8,16.6,18.0,27.7,14.4,8.1,18.7,12.0,4.9,17.3,12.6,8.766666666666666,18.116666666666667,673.7572962962961,,
2026-07-20 10:00:00+03:00,12.0,24.8,17.1,9.1,20.2,16.7,5.2,19.1,17.8,19.0,28.1,16.1,8.0,22.0,13.3,3.4,17.3,14.4,9.45,21.916666666666668,843.9086249999998,,
2026-07-20 11:00:00+03:00,13.8,28.4,18.0,9.5,24.5,17.7,7.4,24.8,18.1,16.9,30.6,17.6,8.9,24.5,15.0,3.0,19.1,14.4,9.916666666666666,25.316666666666666,975.2077546296294,,
2026-07-20 12:00:00+03:00,14.6,28.8,19.0,8.6,24.1,18.4,9.4,27.7,18.4,20.0,32.4,18.8,11.6,24.5,15.5,3.3,15.1,14.1,11.25,25.433333333333334,1423.828125,,
2026-07-20 13:00:00+03:00,16.5,31.7,19.9,9.0,24.1,18.9,11.3,29.2,19.3,21.9,31.7,19.7,12.5,25.6,16.8,2.6,17.6,15.2,12.299999999999997,26.650000000000002,1860.8669999999986,,
2026-07-20 14:00:00+03:00,19.5,34.2,21.0,9.6,22.0,19.3,13.9,30.6,19.7,20.1,32.8,20.4,13.1,25.2,16.9,2.0,21.6,15.4,13.033333333333333,27.733333333333334,2213.9433703703703,,
2026-07-20 15:00:00+03:00,20.3,34.9,21.0,11.6,21.2,19.8,13.9,33.5,19.1,19.7,32.0,21.1,11.8,23.4,18.0,10.0,23.0,17.7,14.549999999999999,28.0,3080.2713749999994,,
2026-07-20 16:00:00+03:00,22.0,36.0,20.7,17.9,32.4,19.4,16.6,32.8,19.4,21.7,31.7,21.2,11.4,22.3,18.2,12.5,23.4,17.0,17.01666666666667,29.76666666666667,4927.464171296298,,
2026-07-20 17:00:00+03:00,22.0,35.6,20.7,19.8,33.8,19.2,17.5,29.9,19.7,20.2,29.2,21.2,11.2,20.9,17.8,13.7,22.3,17.1,17.400000000000002,28.61666666666667,5268.024000000002,,
2026-07-20 18:00:00+03:00,19.4,32.0,20.6,19.2,32.4,18.5,17.0,29.5,19.0,19.6,29.5,21.4,11.5,19.8,17.9,14.3,20.9,16.1,16.833333333333332,27.350000000000005,4769.912037037036,,
2026-07-20 19:00:00+03:00,17.8,29.9,20.3,22.2,31.3,18.0,16.3,25.9,19.5,20.4,31.0,21.0,12.3,20.5,17.9,14.4,19.8,16.4,17.23333333333333,26.400000000000002,5118.089370370368,,
2026-07-20 20:00:00+03:00,19.7,25.6,19.8,21.3,27.7,17.3,16.3,22.7,19.1,23.6,30.6,20.5,12.6,20.9,16.9,13.4,20.5,16.4,17.816666666666666,24.666666666666668,5655.608837962963,,
2026-07-20 21:00:00+03:00,18.8,23.4,18.7,21.1,20.9,16.3,14.8,20.2,17.8,21.3,27.0,20.0,12.8,19.4,15.7,14.1,19.8,16.0,17.15,21.783333333333335,5044.200874999999,,
2026-07-20 22:00:00+03:00,20.1,22.0,17.7,20.1,12.6,13.9,12.2,16.9,16.5,20.8,21.2,18.9,15.6,15.1,13.3,20.0,16.2,14.7,18.133333333333333,17.333333333333332,5962.5623703703695,,
2026-07-20 23:00:00+03:00,18.0,16.6,15.9,22.4,7.2,11.3,15.7,10.8,13.9,22.6,17.6,17.3,15.5,11.5,11.0,22.4,8.6,12.8,19.433333333333334,12.049999999999999,7339.084703703704,,
2026-07-21 00:00:00+03:00,17.0,14.8,14.6,20.6,7.2,9.2,15.0,7.2,11.6,22.2,16.2,15.8,13.2,9.7,9.8,24.4,9.4,11.6,18.733333333333334,10.75,6574.234370370371,,
2026-07-21 01:00:00+03:00,17.8,11.5,13.0,20.3,5.0,7.7,14.6,7.9,9.9,21.8,16.6,14.4,11.0,7.2,8.6,25.2,8.6,9.8,18.45,9.466666666666667,6280.426124999999,,
2026-07-21 02:00:00+03:00,16.7,12.6,11.9,22.0,4.3,6.5,15.2,8.3,8.8,21.1,17.6,13.2,12.4,5.8,7.8,24.1,11.5,8.8,18.583333333333332,10.016666666666666,6417.5734953703695,,
2026-07-21 03:00:00+03:00,13.4,13.3,11.3,18.2,3.6,5.3,16.7,9.0,8.0,23.2,17.3,12.6,13.2,5.4,6.7,23.5,13.3,8.5,18.033333333333335,10.316666666666668,5864.460037037039,,
2026-07-21 04:00:00+03:00,11.0,10.1,10.6,14.5,3.6,4.6,18.9,11.5,7.2,23.1,16.2,11.8,12.4,4.7,6.1,23.0,12.6,8.5,17.150000000000002,9.783333333333333,5044.200875000002,,
2026-07-21 05:00:00+03:00,11.1,9.0,10.3,14.3,5.0,4.5,19.5,14.0,7.2,22.4,14.8,11.0,12.1,5.4,6.0,22.5,13.0,8.4,16.98333333333333,10.2,4898.564162037035,,
2026-07-21 06:00:00+03:00,10.1,9.0,10.3,17.4,7.6,6.8,20.4,15.8,8.3,22.0,15.8,10.4,13.0,5.0,6.8,25.0,16.6,10.2,17.983333333333334,11.633333333333335,5815.814995370371,,
2026-07-21 07:00:00+03:00,8.9,10.4,11.6,15.7,9.0,10.0,23.4,17.6,10.9,22.6,18.4,12.4,10.1,14.0,10.0,21.1,22.0,12.1,16.966666666666665,15.233333333333334,4884.156629629628,,
2026-07-21 08:00:00+03:00,10.3,14.4,14.2,11.3,11.2,13.5,21.2,22.3,14.3,18.3,20.9,13.4,10.3,14.8,11.3,19.9,27.0,13.1,15.216666666666663,18.433333333333334,3523.372671296294,,
2026-07-21 09:00:00+03:00,6.7,15.1,15.1,9.4,15.8,15.3,13.9,22.7,16.6,11.7,24.1,15.6,12.2,20.5,12.6,22.2,29.9,14.2,12.683333333333335,21.349999999999998,2040.3290787037047,,
2026-07-21 10:00:00+03:00,2.2,17.3,16.5,9.4,19.4,16.5,12.4,23.4,17.9,14.9,28.1,17.3,13.1,23.8,13.8,27.3,33.8,16.4,13.216666666666667,24.3,2308.69100462963,,
2026-07-21 11:00:00+03:00,3.8,17.3,17.9,7.0,20.5,17.2,11.2,23.8,19.1,16.1,30.6,18.5,13.6,23.4,14.9,28.0,37.8,17.7,13.283333333333333,25.566666666666663,2343.803578703704,,
2026-07-21 12:00:00+03:00,6.3,16.2,19.3,5.6,19.8,18.4,9.0,22.7,20.1,16.3,32.0,19.2,15.3,24.5,16.2,28.6,38.5,18.5,13.516666666666666,25.616666666666664,2469.4987546296293,,
2026-07-21 13:00:00+03:00,8.6,24.1,19.5,5.2,21.2,19.1,8.6,21.2,19.2,18.5,33.8,19.9,14.8,25.6,17.2,30.0,38.5,18.7,14.283333333333333,27.400000000000002,2913.994412037037,,
2026-07-21 14:00:00+03:00,15.3,28.4,20.4,5.8,22.0,19.6,8.5,21.2,19.9,19.4,34.6,20.6,14.2,26.3,17.4,29.5,41.0,19.1,15.450000000000001,28.916666666666668,3687.9536250000006,,
2026-07-21 15:00:00+03:00,19.6,29.9,21.6,7.8,21.6,20.0,17.3,31.3,19.9,17.2,32.4,20.9,14.8,26.6,17.6,30.4,42.8,19.0,17.849999999999998,30.766666666666662,5687.411624999998,,
2026-07-21 16:00:00+03:00,18.8,27.4,21.3,5.3,21.6,20.2,15.8,30.6,19.8,16.3,37.4,20.5,14.1,26.6,18.1,30.8,42.8,18.5,16.849999999999998,31.066666666666663,4784.094124999998,,
2026-07-21 17:00:00+03:00,17.0,28.4,21.5,3.7,20.2,20.3,16.7,27.4,20.1,20.3,42.8,20.7,14.3,26.3,18.1,31.1,41.0,18.7,17.183333333333334,31.016666666666666,5073.6703287037035,,
2026-07-21 18:00:00+03:00,17.0,28.4,21.5,4.6,15.5,20.1,19.6,24.1,20.4,20.0,38.9,20.7,14.3,26.6,17.4,30.1,40.7,18.4,17.599999999999998,29.03333333333333,5451.775999999998,,
2026-07-21 19:00:00+03:00,15.0,27.7,21.0,8.6,17.3,19.5,14.7,21.2,20.8,18.1,34.2,20.5,15.3,25.6,17.0,27.7,39.6,18.3,16.566666666666666,27.599999999999998,4546.795296296296,,
2026-07-21 20:00:00+03:00,12.4,25.2,19.6,15.1,18.0,18.9,10.4,18.4,19.6,15.8,29.9,20.0,16.8,24.5,17.5,24.3,37.4,17.5,15.799999999999999,25.566666666666666,3944.311999999999,,
2026-07-21 21:00:00+03:00,15.6,21.6,18.7,16.6,11.5,17.9,15.6,14.8,19.3,18.1,25.6,18.6,18.5,21.2,16.6,20.8,32.8,17.0,17.533333333333335,21.25,5390.058370370371,,
2026-07-21 22:00:00+03:00,14.6,18.7,17.9,19.0,8.6,15.3,26.2,11.2,17.0,19.3,18.4,17.4,19.8,16.9,14.9,20.3,28.8,16.6,19.866666666666664,17.099999999999998,7841.064296296293,,
2026-07-21 23:00:00+03:00,8.4,17.3,17.4,23.7,15.1,13.2,28.1,13.0,14.9,17.3,12.6,16.3,20.2,11.9,13.1,23.6,27.4,15.6,20.21666666666667,16.21666666666667,8262.826837962964,,
2026-07-22 00:00:00+03:00,4.6,11.2,16.9,23.4,15.5,10.7,28.2,17.3,13.2,9.0,6.8,14.9,20.8,11.9,11.6,24.9,19.4,14.7,18.483333333333334,13.683333333333332,6314.527912037038,,
2026-07-22 01:00:00+03:00,2.8,11.5,16.4,19.7,10.4,9.1,29.4,17.6,12.0,5.1,7.2,12.9,20.9,12.2,10.0,23.9,25.2,14.3,16.96666666666667,14.016666666666667,4884.156629629631,,
2026-07-22 02:00:00+03:00,6.2,17.6,15.8,20.0,9.0,7.9,28.5,19.1,11.4,8.0,5.4,12.2,20.2,11.9,8.4,26.0,26.3,13.4,18.150000000000002,14.883333333333333,5979.018375000002,,
2026-07-22 03:00:00+03:00,9.6,11.9,15.5,20.2,8.3,6.6,27.5,20.5,10.8,6.2,4.3,10.6,19.7,10.4,7.0,28.0,26.6,12.0,18.533333333333335,13.666666666666666,6365.911703703706,,
2026-07-22 04:00:00+03:00,9.4,11.5,15.3,19.5,8.3,7.3,26.7,19.1,10.2,9.0,4.3,9.8,18.2,12.6,6.3,28.6,28.1,11.8,18.566666666666666,13.983333333333334,6400.321962962963,,
2026-07-22 05:00:00+03:00,11.9,10.4,15.2,18.0,9.7,8.0,25.3,16.2,10.1,13.0,4.0,9.4,15.9,13.7,6.6,27.4,28.8,11.6,18.583333333333332,13.799999999999999,6417.5734953703695,,
2026-07-22 06:00:00+03:00,12.5,13.0,15.3,16.8,9.7,8.0,23.8,17.3,10.7,16.0,5.4,9.7,13.2,12.2,7.8,21.1,29.2,11.3,17.233333333333334,14.466666666666667,5118.089370370371,,
2026-07-22 07:00:00+03:00,10.7,14.0,15.4,16.0,11.9,10.9,24.5,17.6,12.8,14.5,7.2,11.3,9.6,14.4,8.8,20.9,28.4,12.3,16.03333333333333,15.583333333333334,4121.653370370369,,
2026-07-22 08:00:00+03:00,7.5,14.4,15.7,11.0,12.2,12.7,18.2,21.6,14.9,9.2,6.5,12.8,10.1,14.4,10.4,20.4,27.0,12.6,12.733333333333334,16.01666666666667,2064.5543703703706,,
2026-07-22 09:00:00+03:00,6.0,14.8,16.3,10.6,15.5,14.5,16.7,24.5,17.0,6.0,5.4,14.6,11.6,17.3,11.6,18.4,29.9,14.5,11.549999999999999,17.900000000000002,1540.7988749999995,,
2026-07-22 10:00:00+03:00,8.1,14.8,17.3,9.6,14.8,15.6,14.0,24.8,18.8,5.7,5.8,15.7,11.0,20.5,13.1,18.2,31.0,15.3,11.1,18.616666666666667,1367.6309999999999,,
2026-07-22 11:00:00+03:00,9.4,17.6,18.0,7.6,13.3,16.6,10.4,24.1,19.7,6.3,8.3,16.7,12.3,22.3,14.7,16.2,31.3,16.1,10.366666666666667,19.48333333333333,1114.0826296296298,,
2026-07-22 12:00:00+03:00,11.4,18.0,18.3,7.8,16.2,18.5,5.7,22.3,20.0,12.4,11.9,16.9,11.7,22.3,15.5,14.2,27.4,16.7,10.533333333333333,19.683333333333334,1168.685037037037,,
2026-07-22 13:00:00+03:00,14.8,19.4,19.3,8.3,17.6,19.1,15.4,26.6,18.7,14.7,19.4,17.0,11.3,23.4,15.8,12.2,22.7,16.4,12.783333333333333,21.516666666666666,2088.970662037037,,
2026-07-22 14:00:00+03:00,17.6,18.7,19.7,7.2,21.2,18.3,17.7,29.2,18.9,16.7,23.8,17.0,9.8,25.9,15.1,11.0,18.0,16.2,13.333333333333334,22.799999999999997,2370.370370370371,,
2026-07-22 15:00:00+03:00,19.3,23.8,20.6,2.8,22.0,18.8,16.6,25.2,18.2,18.9,21.6,17.6,12.5,25.6,14.4,10.5,22.0,15.4,13.433333333333332,23.366666666666664,2424.104703703703,,
2026-07-22 16:00:00+03:00,17.3,29.2,20.7,2.2,20.5,16.7,14.2,20.9,18.1,21.0,29.5,18.1,12.9,21.6,15.7,5.6,23.4,18.5,12.200000000000001,24.183333333333334,1815.8480000000004,,
2026-07-22 17:00:00+03:00,16.8,28.1,20.3,2.7,18.4,16.4,13.8,17.6,18.1,22.8,29.2,18.1,15.0,20.5,16.0,4.3,26.3,17.2,12.566666666666665,23.349999999999998,1984.541962962962,,
2026-07-22 18:00:00+03:00,16.8,25.9,20.8,10.7,14.4,18.4,14.1,22.7,18.4,22.7,28.1,17.9,13.6,16.6,15.4,14.1,34.2,15.3,15.33333333333333,23.649999999999995,3605.037037037035,,
2026-07-22 19:00:00+03:00,15.3,21.6,20.2,12.7,13.7,17.8,16.0,21.2,17.7,21.1,27.0,16.7,13.4,16.9,15.1,18.3,33.1,14.3,16.133333333333333,22.25,4199.255703703703,,
2026-07-22 20:00:00+03:00,15.0,23.4,19.5,14.0,23.4,18.4,15.6,20.5,17.3,19.8,24.1,16.2,12.8,16.9,15.4,18.4,24.8,13.6,15.933333333333332,22.183333333333337,4045.0130370370357,,
2026-07-22 21:00:00+03:00,11.4,27.7,17.8,15.1,24.1,16.7,18.5,21.6,17.6,21.9,22.3,15.6,8.6,12.2,14.8,15.1,22.0,13.5,15.1,21.650000000000002,3442.9509999999996,,
2026-07-22 22:00:00+03:00,16.5,24.8,17.4,16.0,19.8,15.7,16.3,22.0,16.9,19.8,19.8,15.2,3.9,11.9,13.4,16.2,18.7,12.9,14.783333333333333,19.5,3230.8523287037037,,
2026-07-22 23:00:00+03:00,20.4,18.7,17.2,18.1,12.2,14.8,17.4,22.3,16.2,18.2,18.0,14.9,6.4,8.6,12.2,15.7,16.2,11.9,16.033333333333335,16.0,4121.653370370372,,
2026-07-23 00:00:00+03:00,21.3,20.2,16.7,19.6,11.5,14.1,19.4,18.7,15.3,17.5,15.5,14.4,7.9,6.1,11.3,15.7,14.0,11.7,16.900000000000002,14.333333333333334,4826.809000000002,,
2026-07-23 01:00:00+03:00,14.6,19.1,16.3,17.1,10.4,13.6,20.8,11.5,15.0,17.7,15.1,13.7,7.4,6.1,10.5,15.9,12.6,11.7,15.583333333333336,12.466666666666667,3784.2609953703723,,
2026-07-23 02:00:00+03:00,24.8,17.6,15.8,16.3,5.4,12.5,20.2,15.1,15.3,17.3,15.1,13.0,9.5,5.4,10.4,16.4,14.0,11.5,17.416666666666668,12.1,5283.1765046296305,,
2026-07-23 03:00:00+03:00,16.6,16.6,15.4,20.2,5.8,11.3,17.7,15.5,15.5,16.1,16.2,12.4,9.9,5.8,10.3,21.6,18.7,11.6,17.016666666666666,13.100000000000001,4927.464171296296,,
2026-07-23 04:00:00+03:00,21.8,24.8,14.7,18.8,6.8,11.4,13.2,17.3,15.4,16.2,16.9,11.7,11.1,5.8,10.0,23.9,18.0,11.5,17.5,14.933333333333335,5359.375,,
2026-07-23 05:00:00+03:00,29.4,32.0,14.5,15.9,7.2,11.4,16.0,17.6,15.5,16.2,15.1,11.4,11.0,6.1,10.0,25.8,19.1,11.7,19.05,16.183333333333334,6913.292625000001,,
2026-07-23 06:00:00+03:00,35.5,35.3,14.6,16.0,4.7,12.1,24.4,24.5,15.4,24.8,14.4,11.4,10.6,7.2,10.3,26.7,30.6,10.3,23.0,19.450000000000003,12167.0,,
2026-07-23 07:00:00+03:00,36.0,46.8,14.3,17.7,7.2,12.9,24.8,18.0,15.1,24.7,15.8,12.3,7.8,11.5,10.9,26.6,33.5,9.6,22.933333333333334,22.133333333333336,12061.50637037037,,
2026-07-23 08:00:00+03:00,37.0,45.0,14.6,15.3,9.4,14.0,23.5,26.6,15.1,16.8,15.1,13.8,6.6,19.1,11.7,27.0,33.8,9.5,21.03333333333333,24.833333333333332,9305.170037037034,,
2026-07-23 09:00:00+03:00,37.9,48.6,14.5,16.2,13.0,14.2,21.8,29.9,15.3,15.8,18.4,15.6,10.8,18.0,11.7,28.6,32.0,9.2,21.849999999999998,26.650000000000002,10431.681624999997,,
2026-07-23 10:00:00+03:00,36.0,42.1,14.7,14.1,14.0,14.4,18.2,30.2,14.6,15.5,23.8,16.8,8.9,13.7,12.2,26.7,30.2,8.6,19.900000000000002,25.666666666666668,7880.599000000003,,
2026-07-23 11:00:00+03:00,32.5,42.5,14.8,13.5,19.4,14.7,16.6,29.5,15.5,18.9,24.8,17.4,7.4,12.2,13.7,25.2,28.4,8.8,19.01666666666667,26.133333333333336,6877.065837962966,,
2026-07-23 12:00:00+03:00,34.6,40.7,14.4,12.5,21.6,15.6,21.1,27.4,15.4,19.9,28.8,17.7,9.1,15.1,15.5,24.5,27.7,9.0,20.28333333333333,26.88333333333333,8344.839412037034,,
2026-07-23 13:00:00+03:00,36.0,38.5,14.6,11.7,25.2,16.3,26.2,27.0,14.6,22.5,29.9,18.2,7.4,21.2,16.5,26.8,26.6,8.9,21.76666666666667,28.066666666666663,10312.780629629633,,
2026-07-23 14:00:00+03:00,35.4,37.8,16.0,20.8,25.9,16.0,27.6,31.0,14.7,25.7,29.9,18.5,12.9,21.6,17.2,27.9,26.6,8.8,25.05,28.799999999999997,15718.937625,,
2026-07-23 15:00:00+03:00,32.0,36.0,16.8,24.5,29.5,15.9,29.4,36.7,15.0,28.0,32.4,18.9,15.2,22.0,17.8,23.3,28.4,9.3,25.400000000000002,30.833333333333332,16387.064000000006,,
2026-07-23 16:00:00+03:00,27.2,33.8,17.0,25.7,32.4,15.4,28.0,34.9,14.6,25.8,30.2,19.4,14.3,24.1,15.9,21.9,26.6,9.4,23.816666666666666,30.33333333333333,13509.613837962963,,
2026-07-23 17:00:00+03:00,21.2,32.8,17.4,22.6,29.9,15.7,25.1,34.6,15.0,27.1,31.7,19.0,15.0,25.6,16.6,18.7,21.6,10.3,21.616666666666664,29.366666666666664,10101.042004629626,,
2026-07-23 18:00:00+03:00,16.2,32.0,17.8,19.2,29.9,14.5,21.1,31.0,16.1,23.9,33.5,18.8,17.1,22.0,16.1,15.5,25.9,11.1,18.833333333333332,29.05,6680.078703703703,,
2026-07-23 19:00:00+03:00,12.7,26.3,17.7,15.9,23.8,15.2,17.2,28.8,15.6,20.8,29.2,17.9,13.8,19.8,15.7,12.9,23.4,11.0,15.549999999999999,25.21666666666667,3760.028874999999,,
2026-07-23 20:00:00+03:00,11.7,19.8,17.6,11.8,19.4,15.4,13.6,25.6,15.6,17.0,25.9,17.6,10.1,14.8,15.6,10.0,21.6,11.1,12.366666666666667,21.183333333333337,1891.2892962962965,,
2026-07-23 21:00:00+03:00,7.9,18.0,17.3,8.5,16.9,15.2,12.3,23.8,14.6,9.0,25.6,17.3,9.1,12.6,15.4,8.4,16.6,11.3,9.200000000000001,18.916666666666668,778.6880000000002,,
2026-07-23 22:00:00+03:00,6.9,18.4,16.6,10.1,12.6,13.2,10.1,18.0,14.4,12.0,17.6,15.7,10.9,12.2,13.8,7.1,14.0,10.1,9.516666666666667,15.466666666666667,861.8954212962965,,
2026-07-23 23:00:00+03:00,5.4,18.0,14.7,13.6,6.1,11.1,8.4,10.1,12.9,14.2,14.4,14.4,12.6,9.4,11.8,6.0,10.4,8.4,10.033333333333333,11.4,1010.0333703703703,,
2026-07-24 00:00:00+03:00,7.5,15.5,13.5,17.6,7.2,9.2,5.6,12.2,11.3,15.7,10.4,13.3,12.7,11.2,10.9,9.0,3.6,6.8,11.350000000000001,10.016666666666667,1462.1353750000005,,
2026-07-24 01:00:00+03:00,11.7,12.2,12.6,15.1,6.1,7.9,2.4,11.5,10.4,16.6,10.8,12.2,13.1,14.0,11.0,12.1,4.3,5.4,11.833333333333334,9.816666666666665,1656.9953703703707,,
2026-07-24 02:00:00+03:00,16.0,9.7,11.5,9.7,6.1,7.0,9.8,11.9,9.4,15.8,8.6,11.2,13.2,14.8,10.8,15.3,6.5,4.0,13.299999999999999,9.6,2352.6369999999993,,
2026-07-24 03:00:00+03:00,22.1,12.2,10.9,1.5,6.8,5.5,13.9,10.4,8.7,10.5,7.2,10.4,11.2,11.5,10.0,16.2,5.8,3.4,12.566666666666668,8.983333333333333,1984.5419629629637,,
2026-07-24 04:00:00+03:00,25.0,14.8,10.9,9.6,6.8,5.2,16.7,9.7,7.8,5.2,4.3,9.5,10.1,10.4,8.6,14.6,9.0,3.8,13.533333333333331,9.166666666666666,2478.645037037036,,
2026-07-24 05:00:00+03:00,26.2,16.9,11.0,14.9,8.3,5.1,21.6,10.8,8.0,3.5,4.3,8.6,11.4,10.8,8.9,16.8,9.7,5.1,15.733333333333334,10.133333333333333,3894.594370370371,,
2026-07-24 06:00:00+03:00,26.7,20.2,11.5,20.9,14.8,7.2,25.4,16.6,9.3,5.2,4.7,8.8,12.6,10.8,9.9,18.6,13.3,6.1,18.233333333333334,13.4,6061.752703703704,,
2026-07-24 07:00:00+03:00,28.7,21.2,12.5,23.3,16.6,9.7,33.9,23.8,10.8,7.8,7.6,10.3,11.5,10.8,11.6,17.3,19.1,7.5,20.416666666666668,16.516666666666666,8510.489004629631,,
2026-07-24 08:00:00+03:00,32.0,24.1,13.8,19.7,23.4,12.1,32.7,31.0,12.7,11.6,8.6,12.0,9.6,16.2,12.5,16.1,23.4,8.5,20.28333333333333,21.116666666666664,8344.839412037034,,
2026-07-24 09:00:00+03:00,27.3,24.5,14.5,18.1,24.8,13.6,29.7,35.6,14.2,11.0,13.7,14.7,8.7,16.6,13.5,18.7,24.5,9.8,18.916666666666668,23.283333333333335,6769.1452546296305,,
2026-07-24 10:00:00+03:00,21.5,28.1,15.6,19.8,28.1,15.2,32.2,36.7,15.9,13.0,23.4,15.7,14.3,23.0,15.2,22.7,28.4,11.2,20.583333333333332,27.950000000000003,8720.615162037035,,
2026-07-24 11:00:00+03:00,24.5,30.2,16.5,20.5,29.2,16.0,37.7,42.1,17.2,14.8,26.3,17.7,13.7,25.9,16.7,26.0,34.9,12.6,22.866666666666664,31.433333333333334,11956.624296296292,,
2026-07-24 12:00:00+03:00,27.4,31.7,17.3,21.2,27.4,16.7,39.9,54.4,16.6,15.7,26.6,18.0,14.0,25.6,17.6,31.6,37.8,13.1,24.96666666666667,33.916666666666664,15562.5832962963,,
2026-07-24 13:00:00+03:00,29.4,33.1,19.1,21.2,24.5,17.4,40.9,54.0,15.6,18.4,28.1,18.8,14.9,25.6,18.2,33.2,37.8,13.6,26.333333333333332,33.849999999999994,18260.7037037037,,
2026-07-24 14:00:00+03:00,29.5,35.6,19.4,21.3,23.0,17.9,39.5,44.3,15.4,22.2,31.7,19.7,19.6,25.6,19.6,32.4,35.3,12.2,27.416666666666668,32.583333333333336,20608.384837962967,,
2026-07-24 15:00:00+03:00,31.8,36.7,19.6,21.7,28.1,17.5,33.8,32.8,15.2,25.2,34.9,21.4,21.3,25.6,20.1,30.2,37.1,12.1,27.333333333333332,32.53333333333333,20421.037037037033,,
2026-07-24 16:00:00+03:00,33.0,38.5,20.2,21.0,26.3,17.6,29.8,25.9,17.1,24.6,34.2,22.0,21.9,25.2,20.4,27.2,37.1,12.4,26.25,31.2,18087.890625,,
2026-07-24 17:00:00+03:00,28.6,38.5,19.7,19.8,25.9,18.3,27.6,25.2,17.8,26.1,34.2,22.1,20.0,24.8,20.2,29.0,32.0,12.9,25.183333333333334,30.100000000000005,15971.27699537037,,
2026-07-24 18:00:00+03:00,30.0,33.8,19.5,18.8,24.1,18.2,25.3,20.2,17.4,27.1,36.7,21.7,18.2,23.8,19.7,28.2,34.2,12.3,24.599999999999998,28.8,14886.935999999996,,
2026-07-24 19:00:00+03:00,31.4,33.5,19.5,19.3,16.6,18.1,25.9,15.5,17.2,26.9,36.7,20.6,19.6,23.4,20.8,25.5,33.8,11.8,24.766666666666666,26.583333333333332,15191.570629629628,,
2026-07-24 20:00:00+03:00,27.4,37.1,18.7,22.1,14.0,17.5,28.0,20.9,16.6,26.2,36.0,19.8,20.9,22.0,19.2,19.9,30.6,12.2,24.083333333333332,26.766666666666666,13968.5005787037,,
2026-07-24 21:00:00+03:00,27.9,34.9,17.8,23.9,14.4,17.2,29.9,22.3,15.8,30.2,35.3,19.3,22.7,16.9,18.5,27.0,22.0,12.4,26.933333333333334,24.299999999999997,19537.559703703704,,
2026-07-24 22:00:00+03:00,31.3,29.2,16.2,28.2,16.2,16.0,27.8,20.9,15.0,31.7,37.1,18.0,23.1,14.0,17.5,28.6,21.6,12.1,28.45,23.166666666666668,23027.501125,,
2026-07-24 23:00:00+03:00,30.1,29.5,15.0,27.5,16.2,15.7,28.4,25.2,14.6,31.9,36.0,17.1,24.0,12.2,16.4,31.0,25.2,11.7,28.816666666666666,24.05,23929.36800462963,,
2026-07-25 00:00:00+03:00,29.2,32.0,14.5,25.7,24.5,15.5,30.9,24.5,14.5,32.8,38.2,16.4,25.0,13.7,15.8,31.3,28.8,11.4,29.150000000000002,26.950000000000003,24769.410875000005,,
2026-07-25 01:00:00+03:00,30.7,31.7,14.3,26.7,34.9,15.6,32.1,24.1,14.3,32.2,31.0,16.2,25.1,14.4,15.3,29.3,22.0,11.5,29.350000000000005,26.349999999999998,25282.750375000014,,
2026-07-25 02:00:00+03:00,28.7,30.6,14.1,30.6,29.9,13.4,28.8,13.0,13.7,33.0,31.7,15.8,25.8,17.6,14.7,29.1,23.8,11.4,29.333333333333332,24.433333333333337,25239.7037037037,,
2026-07-25 03:00:00+03:00,26.1,27.4,14.1,31.0,26.6,13.2,27.5,18.0,13.4,27.4,34.9,15.6,26.7,18.7,14.2,33.6,32.0,11.9,28.716666666666665,26.26666666666667,23681.111421296293,,
2026-07-25 04:00:00+03:00,27.7,23.0,14.1,28.4,26.6,13.2,29.5,27.4,13.0,29.1,34.6,15.7,26.3,19.4,14.2,29.2,29.5,11.7,28.366666666666664,26.75,22825.74262962962,,
2026-07-25 05:00:00+03:00,25.4,24.8,14.3,28.8,25.9,13.3,29.3,31.3,12.9,28.3,33.5,15.7,25.5,20.5,14.2,31.8,28.1,11.7,28.183333333333337,27.349999999999998,22386.029495370378,,
2026-07-25 06:00:00+03:00,21.2,25.2,14.3,27.2,27.0,13.1,30.2,25.6,13.1,27.3,32.0,15.8,25.8,23.0,14.1,28.1,28.8,11.8,26.63333333333333,26.933333333333337,18891.940703703694,,
2026-07-25 07:00:00+03:00,21.8,24.8,14.5,27.0,26.6,13.1,33.2,23.8,13.4,26.9,30.6,16.4,26.3,27.0,14.3,26.6,28.1,11.9,26.96666666666667,26.816666666666666,19610.189962962966,,
2026-07-25 08:00:00+03:00,19.8,23.0,15.1,28.4,23.0,13.2,27.9,22.7,13.9,22.1,31.0,16.9,26.8,31.7,14.5,29.1,29.9,12.2,25.683333333333334,26.883333333333336,16941.589912037038,,
2026-07-25 09:00:00+03:00,20.5,22.0,15.6,28.9,28.8,13.6,26.5,24.1,14.0,21.6,29.9,17.5,28.8,27.4,14.5,23.8,29.2,12.4,25.016666666666666,26.900000000000002,15656.27083796296,,
2026-07-25 10:00:00+03:00,19.8,23.4,16.2,27.2,28.8,14.4,26.8,26.6,14.4,17.3,28.8,18.2,29.5,32.4,15.8,22.7,27.4,13.0,23.88333333333333,27.900000000000002,13623.378412037031,,
2026-07-25 11:00:00+03:00,20.2,25.9,17.1,30.6,27.0,14.8,27.0,26.3,14.7,14.4,29.2,19.1,28.1,33.1,17.3,21.6,25.9,13.5,23.650000000000002,27.900000000000002,13227.977125000003,,
2026-07-25 12:00:00+03:00,19.2,27.0,18.1,26.8,30.2,15.2,25.2,25.2,15.7,15.9,29.9,20.3,28.7,33.5,17.4,21.3,28.8,15.1,22.850000000000005,29.100000000000005,11930.499125000008,,
2026-07-25 13:00:00+03:00,16.6,30.6,18.6,25.2,32.4,16.0,21.3,26.6,16.0,22.6,29.2,20.6,32.9,34.9,17.5,16.0,32.4,15.3,22.433333333333334,31.016666666666666,11289.674703703704,,
2026-07-25 14:00:00+03:00,23.1,31.0,19.7,25.8,32.4,17.2,22.9,28.8,15.8,25.2,29.2,20.8,33.0,37.4,18.0,16.4,30.2,15.8,24.400000000000002,31.5,14526.784000000003,,
2026-07-25 15:00:00+03:00,20.8,32.8,20.3,24.9,36.0,16.2,18.5,30.6,16.8,20.8,31.7,22.2,21.9,37.8,18.7,14.6,28.4,16.3,20.25,32.88333333333333,8303.765625,,
2026-07-25 16:00:00+03:00,22.2,32.8,20.2,24.8,33.8,17.6,14.7,27.0,17.7,23.1,31.3,22.2,19.5,33.5,19.2,17.5,27.0,16.5,20.3,30.899999999999995,8365.427000000001,,
2026-07-25 17:00:00+03:00,24.9,31.3,19.9,25.1,31.7,17.2,26.5,27.0,18.1,26.6,29.9,21.1,21.3,34.2,19.4,20.1,25.2,16.3,24.083333333333332,29.883333333333336,13968.5005787037,,
2026-07-25 18:00:00+03:00,24.8,34.9,19.7,26.1,31.3,17.4,25.3,28.8,17.9,28.8,31.0,20.4,24.1,32.8,19.7,19.7,25.6,16.5,24.799999999999997,30.733333333333334,15252.991999999995,,
2026-07-25 19:00:00+03:00,24.2,34.9,18.8,24.4,31.3,17.0,28.2,29.2,18.1,29.2,31.0,19.4,26.1,31.3,19.6,17.3,25.2,16.4,24.900000000000002,30.483333333333334,15438.249000000003,,
2026-07-25 20:00:00+03:00,28.1,32.8,18.3,24.5,29.5,16.4,31.5,26.3,18.0,25.8,30.2,18.2,28.5,31.7,19.3,15.3,27.7,15.5,25.616666666666664,29.7,16810.005337962957,,
2026-07-25 21:00:00+03:00,24.7,31.3,17.5,23.6,30.2,15.9,26.9,25.2,17.6,23.8,27.0,17.7,25.9,29.9,18.6,22.5,30.2,15.1,24.566666666666663,28.966666666666665,14826.501962962957,,
2026-07-25 22:00:00+03:00,25.0,29.2,16.7,24.5,23.8,15.3,31.2,24.5,17.1,27.8,27.7,17.0,26.1,31.0,17.9,21.4,26.3,14.4,26.0,27.083333333333332,17576.0,,
2026-07-25 23:00:00+03:00,25.2,28.8,15.8,25.9,22.3,15.4,31.7,24.8,16.6,27.6,31.3,16.8,28.3,30.2,17.2,21.7,25.6,14.5,26.733333333333334,27.166666666666668,19105.541037037037,,
2026-07-26 00:00:00+03:00,27.3,29.9,15.5,27.0,24.8,15.0,30.5,24.8,16.3,28.2,33.8,16.5,29.4,29.5,16.9,21.7,24.1,14.3,27.349999999999998,27.816666666666666,20458.415374999997,,
2026-07-26 01:00:00+03:00,28.8,31.3,15.3,26.2,25.2,14.9,30.3,23.8,15.9,30.0,34.6,16.4,30.6,32.0,16.1,22.8,23.8,13.8,28.11666666666667,28.450000000000003,22227.544921296307,,
2026-07-26 02:00:00+03:00,29.1,30.6,15.1,29.6,29.5,14.5,30.5,25.6,15.6,28.4,39.6,16.3,31.0,32.8,16.1,22.4,18.4,13.6,28.5,29.41666666666667,23149.125,,
2026-07-26 03:00:00+03:00,31.6,31.0,15.0,30.7,29.9,14.1,31.0,25.9,15.4,30.4,37.8,16.2,30.5,30.2,16.1,22.4,19.8,13.3,29.433333333333334,29.099999999999998,25498.718037037037,,
2026-07-26 04:00:00+03:00,30.5,32.8,15.0,31.4,29.9,14.0,30.6,26.3,15.1,30.2,37.8,16.2,32.1,33.8,15.5,23.2,18.0,13.4,29.666666666666668,29.766666666666666,26109.962962962967,,
2026-07-26 05:00:00+03:00,30.2,32.0,14.9,31.0,28.8,14.0,34.2,27.7,14.8,31.1,35.3,16.1,32.4,38.2,15.5,21.1,18.4,13.5,30.0,30.066666666666666,27000.0,,
2026-07-26 06:00:00+03:00,31.5,31.7,14.9,33.4,32.0,13.9,35.3,28.8,14.9,31.8,38.5,16.4,27.7,29.5,15.2,20.9,22.7,13.8,30.099999999999998,30.53333333333333,27270.900999999994,,
2026-07-26 07:00:00+03:00,32.8,33.1,15.1,33.5,36.4,14.2,33.8,32.0,15.1,31.6,38.9,16.4,30.0,34.6,15.5,21.5,25.2,13.9,30.53333333333333,33.36666666666667,28465.7517037037,,
2026-07-26 08:00:00+03:00,33.1,37.8,15.4,33.6,33.8,14.4,36.1,34.6,14.9,30.7,37.1,16.1,29.8,36.4,16.2,25.4,27.7,14.1,31.450000000000003,34.56666666666666,31107.27362500001,,
2026-07-26 09:00:00+03:00,37.4,33.8,15.6,35.1,38.2,14.6,35.5,36.0,15.3,36.2,37.1,15.8,27.6,37.8,16.8,27.6,30.6,14.8,33.23333333333333,35.58333333333333,36704.70270370368,,
2026-07-26 10:00:00+03:00,36.4,34.2,15.8,34.3,37.4,14.6,38.2,36.7,15.8,33.9,33.5,15.9,28.3,37.8,17.4,22.5,31.0,15.0,32.266666666666666,35.1,33594.045629629625,,
2026-07-26 11:00:00+03:00,36.4,40.7,15.9,34.1,35.6,14.7,36.9,37.4,16.2,33.1,36.7,16.0,28.1,39.2,18.6,24.8,30.6,15.2,32.233333333333334,36.7,33490.039370370374,,
2026-07-26 12:00:00+03:00,36.0,36.7,15.9,35.7,42.5,15.2,33.0,39.6,16.5,26.3,33.8,16.3,34.6,40.3,19.5,27.2,36.7,15.5,32.13333333333333,38.26666666666667,33179.309037037034,,
2026-07-26 13:00:00+03:00,30.3,33.1,16.0,35.8,40.7,15.0,34.4,41.0,17.1,29.7,34.6,17.8,31.2,40.3,19.2,29.6,42.1,15.9,31.83333333333333,38.63333333333333,32258.662037037022,,
2026-07-26 14:00:00+03:00,31.2,39.2,17.5,37.0,41.8,14.8,31.8,42.8,17.4,30.0,37.1,18.5,35.2,40.3,19.1,26.5,36.4,15.7,31.95,39.6,32614.639874999997,,
2026-07-26 15:00:00+03:00,31.8,41.8,17.8,35.6,42.1,15.3,34.2,41.8,18.1,26.1,35.3,18.1,28.4,39.2,18.2,32.8,32.0,14.6,31.483333333333338,38.699999999999996,31206.288745370384,,
2026-07-26 16:00:00+03:00,33.6,41.8,18.3,30.1,38.2,15.2,40.1,41.8,17.7,21.7,36.0,18.8,26.2,44.3,18.9,29.8,29.2,15.5,30.250000000000004,38.550000000000004,27680.64062500001,,
2026-07-26 17:00:00+03:00,32.1,37.1,18.9,29.1,37.4,16.0,36.0,39.2,17.4,26.7,36.7,18.8,32.3,44.6,19.3,28.2,34.6,15.9,30.73333333333333,38.266666666666666,29028.794370370364,,
2026-07-26 18:00:00+03:00,31.4,37.4,19.0,31.0,37.8,15.8,33.2,40.3,18.4,22.6,35.6,19.1,31.6,36.4,18.7,23.2,31.7,15.9,28.83333333333333,36.53333333333333,23970.912037037026,,
2026-07-26 19:00:00+03:00,26.6,36.4,18.8,27.9,30.6,15.6,30.2,39.6,18.4,21.1,31.0,19.5,30.7,35.6,18.8,25.8,20.5,15.2,27.05,32.28333333333333,19792.552625,,
2026-07-26 20:00:00+03:00,22.4,34.9,18.4,26.5,31.0,16.9,31.6,37.8,18.7,18.7,29.9,19.2,30.5,34.6,18.1,24.5,20.5,15.3,25.7,31.45,16974.592999999997,,
2026-07-26 21:00:00+03:00,21.4,31.0,18.0,25.0,32.4,16.3,30.0,34.9,18.2,18.3,30.2,18.4,31.3,36.4,17.6,26.2,26.3,15.5,25.366666666666664,31.86666666666667,16322.632629629623,,
2026-07-26 22:00:00+03:00,22.6,27.7,17.0,25.9,28.1,15.9,31.3,35.6,17.4,20.2,27.7,17.1,32.1,34.9,17.0,25.8,24.1,15.1,26.316666666666666,29.683333333333334,18226.053421296296,,
2026-07-26 23:00:00+03:00,25.6,22.0,15.9,24.7,27.4,15.5,31.7,32.8,16.6,25.4,20.5,15.7,32.2,32.0,16.8,25.6,22.7,14.9,27.533333333333335,26.23333333333333,20872.591703703707,,
2026-07-27 00:00:00+03:00,28.1,22.0,14.8,25.4,25.2,15.0,31.6,32.0,15.9,26.8,22.3,14.4,29.1,31.7,16.6,24.8,29.9,14.9,27.633333333333336,27.183333333333334,21100.844037037044,,
2026-07-27 01:00:00+03:00,29.3,24.5,14.7,22.9,23.4,14.5,29.9,29.2,15.7,25.9,22.3,13.9,31.5,27.0,16.5,25.2,23.0,14.9,27.45,24.899999999999995,20683.643624999997,,
2026-07-27 02:00:00+03:00,29.1,23.4,14.6,22.1,15.5,14.0,26.7,25.6,15.7,24.6,18.4,13.4,29.9,23.4,16.4,24.5,23.0,14.7,26.150000000000002,21.55,17881.958375000006,,
2026-07-27 03:00:00+03:00,26.8,25.2,14.6,23.2,15.5,14.0,25.0,23.8,15.6,24.1,19.4,13.0,28.4,25.6,16.4,25.4,23.0,14.6,25.483333333333334,22.083333333333332,16548.88374537037,,
2026-07-27 04:00:00+03:00,26.9,25.2,14.3,22.4,16.9,14.0,24.5,23.4,15.4,24.6,18.0,13.2,26.7,22.0,16.0,24.4,24.1,14.6,24.916666666666668,21.599999999999998,15469.270254629631,,
2026-07-27 05:00:00+03:00,26.8,24.5,14.3,22.1,16.2,13.8,24.1,18.4,15.2,22.5,19.8,13.4,29.0,19.4,15.9,22.5,24.5,14.7,24.5,20.46666666666667,14706.125,,
2026-07-27 06:00:00+03:00,25.3,25.6,14.3,20.8,16.9,13.9,24.4,16.9,15.4,23.3,19.8,13.8,29.9,20.9,15.9,21.5,22.7,14.6,24.2,20.466666666666665,14172.488,,
2026-07-27 07:00:00+03:00,27.4,24.5,14.5,19.4,19.4,15.1,23.1,20.9,16.3,23.4,20.9,14.2,30.3,20.2,16.0,21.1,22.7,14.5,24.11666666666667,21.433333333333334,14026.58158796297,,
2026-07-27 08:00:00+03:00,19.8,24.1,15.0,18.6,21.2,16.3,16.3,20.2,16.7,22.9,22.0,14.6,29.5,22.7,16.7,20.8,20.9,14.6,21.316666666666666,21.849999999999998,9686.29925462963,,
2026-07-27 09:00:00+03:00,17.0,23.8,15.3,16.0,22.3,16.9,15.4,19.1,17.2,20.2,22.7,15.4,22.3,26.3,17.6,13.1,20.9,15.2,17.333333333333332,22.516666666666666,5207.703703703703,,
2026-07-27 10:00:00+03:00,18.8,25.9,16.7,16.9,23.4,16.6,12.9,16.9,18.4,16.4,22.7,15.7,29.3,26.3,19.0,19.3,24.8,16.1,18.933333333333334,23.333333333333332,6787.053037037037,,
2026-07-27 11:00:00+03:00,18.6,27.0,18.1,11.8,23.4,17.0,12.4,19.4,19.4,16.0,22.0,16.2,24.6,27.7,19.7,18.2,24.8,17.2,16.933333333333334,24.05,4855.426370370371,,
2026-07-27 12:00:00+03:00,16.3,26.3,19.5,15.8,24.5,17.5,18.4,16.9,19.5,12.5,26.3,17.4,27.7,28.8,20.4,21.9,31.0,17.1,18.766666666666666,25.63333333333333,6609.390629629629,,
2026-07-27 13:00:00+03:00,13.7,25.9,20.3,13.3,22.3,17.3,12.6,13.0,19.4,14.3,28.4,17.3,18.2,29.5,20.5,22.5,29.5,16.9,15.766666666666667,24.766666666666666,3919.40062962963,,
2026-07-27 14:00:00+03:00,12.1,25.2,19.5,12.5,23.0,18.1,12.8,19.8,20.5,11.9,28.4,16.0,15.5,26.6,20.3,14.7,25.6,17.0,13.250000000000002,24.766666666666666,2326.203125000001,,
2026-07-27 15:00:00+03:00,8.7,24.8,19.4,8.6,22.7,19.2,6.4,22.7,21.0,13.1,22.3,15.2,17.0,20.9,20.4,21.4,32.4,17.8,12.533333333333331,24.3,1968.7917037037028,,
2026-07-27 16:00:00+03:00,5.6,17.6,19.9,9.4,18.0,19.6,4.6,22.3,21.3,15.4,19.8,15.2,15.7,16.9,20.2,19.6,27.7,18.5,11.716666666666669,20.383333333333333,1608.4672546296304,,
2026-07-27 17:00:00+03:00,2.0,21.6,20.2,2.8,16.6,18.5,4.2,21.2,18.8,13.2,19.1,15.4,18.1,16.6,18.9,15.3,30.6,18.6,9.266666666666666,20.95,795.7389629629628,,
2026-07-27 18:00:00+03:00,12.6,13.7,19.8,5.3,19.4,18.0,3.8,16.9,19.1,11.6,16.6,15.7,18.1,18.7,18.5,16.3,26.6,17.1,11.283333333333333,18.650000000000002,1436.521912037037,,
2026-07-27 19:00:00+03:00,18.6,12.6,18.6,7.6,20.5,16.2,6.5,15.8,20.4,8.1,14.8,16.5,22.1,13.7,18.9,13.2,16.2,16.2,12.683333333333335,15.600000000000001,2040.3290787037047,,
2026-07-27 20:00:00+03:00,15.0,10.8,18.1,11.3,9.0,15.6,7.3,15.8,19.5,15.6,9.0,16.4,23.8,14.8,18.4,18.5,10.4,15.9,15.25,11.633333333333335,3546.578125,,
2026-07-27 21:00:00+03:00,14.5,12.6,17.5,13.1,11.2,16.7,12.1,14.0,18.5,21.4,15.1,15.8,29.0,14.0,18.2,10.8,13.7,15.9,16.816666666666666,13.433333333333335,4755.75800462963,,
2026-07-27 22:00:00+03:00,14.4,17.6,16.8,10.6,7.6,15.9,14.0,12.2,17.8,23.6,18.7,14.9,25.7,12.2,17.8,9.4,15.5,15.7,16.283333333333335,13.966666666666669,4317.476078703705,,
2026-07-27 23:00:00+03:00,15.9,15.5,15.9,12.4,5.4,15.3,15.7,14.4,17.2,25.3,23.0,14.2,24.9,10.4,17.4,14.3,11.5,15.1,18.083333333333332,13.366666666666667,5913.375578703703,,
2026-07-28 00:00:00+03:00,22.3,15.8,15.3,13.9,6.5,14.6,14.8,13.7,17.3,27.7,27.0,14.0,25.6,10.1,17.3,15.7,10.4,14.3,20.000000000000004,13.916666666666666,8000.000000000005,,
2026-07-28 01:00:00+03:00,21.7,18.0,15.1,14.7,6.5,14.8,13.3,14.0,16.5,27.9,31.0,13.8,21.4,15.5,17.2,15.3,7.6,14.6,19.05,15.433333333333332,6913.292625000001,,
2026-07-28 02:00:00+03:00,24.3,21.6,15.2,14.5,5.8,14.7,13.3,10.8,16.6,26.0,30.2,13.9,22.7,19.1,16.9,13.3,4.3,14.4,19.016666666666666,15.299999999999999,6877.065837962962,,
2026-07-28 03:00:00+03:00,26.7,31.0,14.9,8.2,7.2,14.8,11.5,11.9,16.7,20.8,29.2,13.9,21.7,16.2,16.5,12.8,6.5,14.2,16.95,17.0,4869.777375,,
2026-07-28 04:00:00+03:00,27.8,30.2,15.0,15.2,6.1,14.8,14.9,12.2,16.7,20.1,30.2,13.7,19.4,15.8,16.3,11.6,8.3,14.1,18.166666666666668,17.133333333333333,5995.5046296296305,,
2026-07-28 05:00:00+03:00,26.5,30.6,14.5,11.5,6.5,14.9,15.9,14.0,16.4,24.9,32.4,13.7,24.1,20.2,16.3,10.2,10.4,14.0,18.85,19.01666666666667,6697.829125000001,,
2026-07-28 06:00:00+03:00,27.7,31.3,14.6,9.1,6.1,14.9,13.3,14.0,16.5,27.9,33.5,13.6,24.9,20.2,16.4,11.6,12.2,14.2,19.083333333333332,19.55,6949.646412037036,,
2026-07-28 07:00:00+03:00,26.3,33.1,14.4,10.3,10.4,15.0,11.1,16.2,17.0,28.9,38.2,13.5,26.7,24.5,16.6,11.4,12.6,15.1,19.116666666666667,22.5,6986.127421296297,,
2026-07-28 08:00:00+03:00,25.7,37.1,14.2,14.5,13.0,15.4,11.7,15.1,17.5,28.0,34.2,13.6,21.9,25.2,17.1,11.5,13.0,15.6,18.883333333333336,22.933333333333337,6733.424245370374,,
2026-07-28 09:00:00+03:00,23.3,34.2,14.1,19.2,15.1,15.1,11.2,11.5,17.6,24.5,28.1,13.8,20.4,21.2,18.2,14.0,11.2,16.1,18.766666666666666,20.21666666666667,6609.390629629629,,
2026-07-28 10:00:00+03:00,20.9,27.7,14.1,22.1,26.6,14.4,11.5,13.0,17.5,23.6,27.4,13.9,24.5,27.7,18.6,11.2,14.0,16.6,18.966666666666665,22.73333333333333,6822.963296296294,,
2026-07-28 11:00:00+03:00,21.4,27.7,14.3,25.3,28.4,13.9,12.0,15.1,17.9,25.1,26.3,13.8,26.7,30.6,20.4,11.9,20.2,18.1,20.400000000000002,24.716666666666665,8489.664000000002,,
2026-07-28 12:00:00+03:00,22.0,25.2,15.1,26.8,28.4,13.9,12.1,11.5,17.8,24.7,25.6,14.3,27.1,30.6,21.2,14.5,22.7,20.2,21.2,23.999999999999996,9528.127999999999,,
2026-07-28 13:00:00+03:00,19.5,25.9,16.3,21.9,29.2,13.7,18.6,13.0,17.3,20.7,24.8,15.1,26.9,31.3,19.8,21.0,29.9,20.8,21.433333333333334,25.683333333333334,9846.21137037037,,
2026-07-28 14:00:00+03:00,17.1,24.1,16.7,21.6,27.4,13.5,27.4,17.6,17.6,22.6,19.1,15.7,23.4,30.6,18.5,18.1,30.6,20.7,21.7,24.899999999999995,10218.312999999998,,
2026-07-28 15:00:00+03:00,19.2,23.8,17.3,17.2,25.9,14.3,27.1,28.1,16.0,18.3,22.7,16.8,20.5,25.9,20.2,25.2,27.7,19.4,21.25,25.683333333333334,9595.703125,,
2026-07-28 16:00:00+03:00,21.4,22.3,17.4,15.8,25.9,15.8,33.8,34.2,15.6,19.1,22.3,18.0,22.0,24.8,20.3,14.9,29.9,20.8,21.166666666666668,26.566666666666666,9483.254629629631,,
2026-07-28 17:00:00+03:00,23.7,22.3,18.8,16.4,25.9,15.7,32.9,41.8,15.9,20.1,23.8,18.5,22.5,27.4,19.8,21.5,28.8,20.2,22.849999999999998,28.333333333333332,11930.499124999997,,
2026-07-28 18:00:00+03:00,28.6,29.2,19.6,14.0,26.3,17.1,31.8,38.9,16.2,18.3,28.1,18.9,21.4,25.9,20.3,20.4,23.8,17.1,22.416666666666668,28.700000000000003,11264.530671296297,,
2026-07-28 19:00:00+03:00,30.7,37.1,19.6,13.0,23.4,17.9,29.8,36.4,15.9,17.7,28.8,18.6,21.3,29.5,19.1,18.9,24.8,17.5,21.900000000000002,30.0,10503.459000000003,,
2026-07-28 20:00:00+03:00,30.2,37.1,18.9,14.5,22.0,17.9,27.9,38.2,15.4,20.5,22.3,18.0,22.8,32.4,17.7,22.1,30.2,16.8,23.0,30.366666666666664,12167.0,,
2026-07-28 21:00:00+03:00,34.1,35.3,18.3,16.2,21.6,17.6,20.6,38.2,15.9,28.1,22.3,16.9,23.7,28.8,16.4,23.5,25.2,17.1,24.366666666666664,28.566666666666663,14467.329296296291,,
2026-07-28 22:00:00+03:00,37.0,31.0,17.4,22.4,16.9,16.1,26.5,34.2,15.1,28.6,21.6,16.0,21.3,28.1,15.7,24.2,21.2,16.9,26.666666666666668,25.499999999999996,18962.962962962967,,
2026-07-28 23:00:00+03:00,36.4,28.8,16.8,25.2,21.2,15.4,26.3,28.8,14.5,28.1,16.9,15.5,17.6,24.8,15.1,23.6,21.2,16.7,26.2,23.616666666666664,17984.728,,
2026-07-29 00:00:00+03:00,32.0,35.6,16.1,26.2,19.8,14.5,27.1,23.8,14.7,27.5,18.4,14.8,15.7,17.3,14.7,24.1,23.0,16.3,25.433333333333334,22.98333333333333,16451.664703703704,,
2026-07-29 01:00:00+03:00,30.8,35.3,16.1,24.9,20.2,13.9,29.9,24.5,13.8,26.1,18.4,14.2,20.0,17.3,14.1,19.3,26.3,15.0,25.166666666666668,23.666666666666668,15939.587962962965,,
2026-07-29 02:00:00+03:00,30.6,33.1,15.6,25.3,19.8,13.0,28.0,24.8,13.4,22.1,15.8,13.6,19.7,14.0,13.5,19.0,29.2,14.5,24.116666666666664,22.78333333333333,14026.581587962957,,
2026-07-29 03:00:00+03:00,29.2,35.3,15.2,23.8,20.2,12.7,22.9,22.0,12.9,19.2,13.0,13.4,16.7,15.8,12.5,23.0,26.6,14.2,22.46666666666667,22.150000000000002,11340.074962962966,,
2026-07-29 04:00:00+03:00,27.4,35.3,14.7,23.3,16.9,11.6,22.6,16.6,12.4,19.4,7.9,12.4,13.3,15.5,12.0,22.8,24.1,13.7,21.46666666666667,19.383333333333336,9892.221629629632,,
2026-07-29 05:00:00+03:00,25.2,28.1,14.4,23.7,16.6,11.0,21.1,21.6,12.6,19.8,8.3,11.6,14.9,15.5,11.6,21.8,21.6,13.2,21.083333333333332,18.61666666666667,9371.688078703703,,
2026-07-29 06:00:00+03:00,22.3,30.2,14.2,22.6,17.3,11.6,21.2,19.8,13.1,18.1,8.6,11.1,19.6,16.6,12.4,18.6,24.1,13.5,20.400000000000002,19.433333333333334,8489.664000000002,,
2026-07-29 07:00:00+03:00,21.1,27.4,14.4,20.1,18.0,12.9,21.6,23.4,14.4,15.2,9.7,12.2,19.3,19.4,13.4,17.4,24.5,14.1,19.116666666666664,20.400000000000002,6986.127421296293,,
2026-07-29 08:00:00+03:00,20.4,28.1,14.7,15.6,22.3,14.2,22.5,25.6,15.5,10.6,15.5,14.7,14.5,19.4,14.2,20.0,22.3,15.0,17.266666666666666,22.200000000000003,5147.845629629629,,
2026-07-29 09:00:00+03:00,19.1,29.2,15.1,14.4,25.6,15.4,22.3,28.4,15.9,9.5,19.8,16.0,13.9,19.4,15.1,19.8,24.8,16.5,16.5,24.53333333333333,4492.125,,
2026-07-29 10:00:00+03:00,20.2,31.0,15.7,15.5,25.9,16.4,23.5,30.6,16.3,9.0,20.2,16.9,15.0,21.2,16.4,19.2,25.2,17.3,17.066666666666666,25.683333333333334,4971.026962962963,,
2026-07-29 11:00:00+03:00,20.6,31.0,16.2,20.5,27.0,17.4,24.8,31.0,16.9,10.6,21.6,17.9,19.7,26.3,18.4,20.1,26.6,17.7,19.383333333333336,27.25,7282.582162037041,,
2026-07-29 12:00:00+03:00,21.8,29.9,16.5,20.6,30.2,18.7,25.3,36.7,17.9,10.1,22.0,18.9,21.4,29.9,19.0,21.2,29.5,18.1,20.066666666666666,29.7,8080.266962962963,,
2026-07-29 13:00:00+03:00,24.9,32.8,16.9,20.7,33.1,18.9,26.9,40.3,18.0,10.0,21.6,20.1,22.3,29.9,19.2,21.7,31.3,18.7,21.083333333333332,31.500000000000004,9371.688078703703,,
2026-07-29 14:00:00+03:00,25.3,33.5,17.9,21.0,35.3,19.4,28.8,42.1,18.1,11.5,24.8,20.9,22.5,29.9,20.2,20.5,32.0,20.1,21.599999999999998,32.93333333333334,10077.695999999996,,
2026-07-29 15:00:00+03:00,25.1,34.2,18.7,22.1,34.9,19.9,30.2,43.2,18.3,13.5,23.8,21.6,20.3,31.7,20.3,18.1,31.7,19.4,21.55,33.24999999999999,10007.873875000001,,
2026-07-29 16:00:00+03:00,24.5,34.6,18.7,22.1,33.8,20.0,30.5,42.1,18.4,9.9,24.8,21.9,19.9,30.6,20.8,19.0,31.0,19.6,20.983333333333334,32.81666666666667,9238.967495370372,,
2026-07-29 17:00:00+03:00,22.2,34.2,19.0,20.9,32.8,20.0,29.3,42.8,18.1,7.4,22.3,22.4,21.1,30.6,20.9,18.2,30.6,19.6,19.85,32.21666666666666,7821.346625000002,,
2026-07-29 18:00:00+03:00,21.3,31.7,19.4,19.5,31.7,19.3,26.7,41.8,17.7,5.4,20.2,22.8,21.1,29.5,20.7,18.5,28.4,19.3,18.75,30.549999999999997,6591.796875,,
2026-07-29 19:00:00+03:00,19.7,28.8,19.3,17.8,27.7,19.1,24.6,40.3,17.3,5.9,15.8,22.6,20.7,26.3,20.2,20.3,26.6,18.2,18.166666666666668,27.583333333333332,5995.5046296296305,,
2026-07-29 20:00:00+03:00,15.6,26.3,18.8,17.1,25.2,18.7,28.1,39.2,16.8,7.0,13.3,21.9,18.6,23.8,19.8,20.0,24.5,18.2,17.733333333333334,25.383333333333336,5576.621037037038,,
2026-07-29 21:00:00+03:00,17.0,22.7,18.2,17.1,20.9,17.7,32.3,36.7,16.3,10.3,13.0,21.0,19.3,18.7,18.4,16.3,21.6,17.7,18.716666666666665,22.266666666666666,6556.703087962961,,
2026-07-29 22:00:00+03:00,18.1,15.1,17.3,18.5,12.2,15.6,32.3,35.6,15.6,16.4,11.9,19.3,21.2,9.4,15.7,18.5,15.5,16.3,20.833333333333336,16.616666666666667,9042.245370370374,,
2026-07-29 23:00:00+03:00,19.2,13.0,16.0,17.6,8.6,13.7,31.8,33.8,14.9,22.6,10.8,17.8,18.2,11.2,14.7,20.0,9.4,15.4,21.566666666666663,14.466666666666669,10031.111962962957,,
2026-07-30 00:00:00+03:00,22.0,14.4,15.0,18.1,7.9,11.4,31.6,29.5,14.4,25.3,15.1,16.6,17.5,9.0,12.4,20.0,12.2,14.4,22.416666666666668,14.683333333333332,11264.530671296297,,
2026-07-30 01:00:00+03:00,21.7,13.0,14.3,18.0,6.8,10.3,30.0,29.2,13.6,24.1,15.5,16.1,14.3,7.2,11.2,22.5,16.9,14.2,21.76666666666667,14.766666666666666,10312.780629629633,,
2026-07-30 02:00:00+03:00,21.5,14.0,13.5,17.2,8.3,9.7,28.7,27.7,12.8,23.6,17.3,15.3,9.2,7.2,10.1,23.7,18.0,13.0,20.650000000000002,15.416666666666666,8805.624625000002,,
2026-07-30 03:00:00+03:00,23.6,17.3,13.1,19.0,10.8,9.1,27.9,23.8,12.1,22.7,17.6,14.7,10.3,8.3,9.2,19.8,15.8,11.6,20.55,15.6,8678.316375,,
2026-07-30 04:00:00+03:00,26.7,18.0,12.8,20.8,14.8,9.6,27.4,22.0,11.5,21.4,17.3,14.5,14.2,8.6,8.3,18.8,9.0,10.0,21.55,14.949999999999998,10007.873875000001,,
2026-07-30 05:00:00+03:00,28.2,19.8,12.7,21.2,13.7,10.2,27.4,19.8,11.3,21.9,17.3,14.8,17.1,9.0,8.4,17.0,7.6,10.4,22.13333333333333,14.533333333333331,10842.775703703697,,
2026-07-30 06:00:00+03:00,28.1,21.6,13.0,20.7,14.4,10.2,27.2,19.8,11.8,22.5,20.9,15.4,17.6,9.7,9.9,14.5,5.8,11.7,21.766666666666666,15.366666666666665,10312.780629629628,,
2026-07-30 07:00:00+03:00,30.4,24.8,14.1,22.1,15.5,13.3,28.7,19.8,13.3,23.4,24.8,15.7,20.9,13.3,12.2,7.7,7.2,13.1,22.2,17.566666666666666,10941.047999999999,,
2026-07-30 08:00:00+03:00,38.2,27.0,16.1,23.8,20.9,15.2,26.2,20.5,15.5,27.0,28.1,16.6,21.7,15.5,14.7,7.8,9.7,15.2,24.11666666666667,20.283333333333335,14026.58158796297,,
2026-07-30 09:00:00+03:00,26.5,28.4,17.7,18.1,23.8,17.0,20.2,20.9,17.3,17.1,28.8,18.1,12.4,21.2,17.2,10.3,14.4,16.3,17.433333333333334,22.916666666666668,5298.358037037037,,
2026-07-30 10:00:00+03:00,23.4,32.0,19.5,17.3,27.0,18.4,16.3,23.0,19.7,17.3,28.4,19.8,13.0,23.0,18.3,11.6,18.7,18.4,16.48333333333333,25.349999999999998,4478.526245370368,,
2026-07-30 11:00:00+03:00,27.3,37.4,21.2,17.8,29.9,21.7,16.0,26.6,22.4,17.9,29.9,22.0,14.3,26.3,20.4,15.1,22.7,19.9,18.066666666666666,28.8,5897.040296296296,,
2026-07-30 12:00:00+03:00,31.5,39.2,23.0,21.7,34.9,23.6,18.6,31.3,23.9,22.6,29.9,23.6,15.4,26.3,21.5,16.0,25.9,21.3,20.96666666666667,31.25,9216.969962962965,,
2026-07-30 13:00:00+03:00,31.8,40.0,23.0,27.9,36.4,24.3,19.7,32.0,25.1,23.9,30.6,25.2,16.4,26.3,22.4,16.2,27.4,22.0,22.650000000000002,32.11666666666667,11619.959625000003,,
2026-07-30 14:00:00+03:00,32.8,38.5,24.4,30.1,37.8,24.2,23.1,31.3,26.1,28.3,31.3,26.0,16.8,25.9,23.2,16.5,29.9,22.8,24.599999999999998,32.45,14886.935999999996,,
2026-07-30 15:00:00+03:00,32.3,38.2,24.3,26.8,36.4,24.0,23.9,28.1,26.3,28.8,35.3,26.3,10.1,25.2,24.0,18.4,31.0,22.9,23.38333333333333,32.36666666666667,12785.545495370363,,
2026-07-30 16:00:00+03:00,33.6,40.3,24.7,21.4,35.6,24.1,27.3,26.3,26.1,30.1,35.3,26.8,15.5,25.6,25.1,20.8,30.6,22.3,24.783333333333335,32.28333333333333,15222.26066203704,,
2026-07-30 17:00:00+03:00,35.3,40.3,25.5,27.4,35.6,24.4,27.0,34.2,26.6,30.7,34.9,26.7,19.3,27.4,25.3,22.7,31.3,22.6,27.066666666666663,33.95,19829.16029629629,,
2026-07-30 18:00:00+03:00,33.8,35.6,25.3,22.5,34.9,23.6,33.1,35.3,26.2,30.8,36.0,26.7,20.2,26.6,24.5,25.5,32.0,21.8,27.650000000000002,33.4,21139.047125000005,,
2026-07-30 19:00:00+03:00,31.5,37.4,25.2,26.7,34.2,24.1,33.5,36.4,25.5,28.7,37.4,26.4,23.2,26.6,24.4,25.4,31.7,21.4,28.166666666666668,33.949999999999996,22346.337962962967,,
2026-07-30 20:00:00+03:00,32.7,37.1,24.6,26.3,32.8,23.8,31.1,33.5,24.5,31.1,37.4,25.2,21.0,26.6,23.4,23.5,28.4,21.2,27.616666666666664,32.63333333333333,21062.68700462962,,
2026-07-30 21:00:00+03:00,33.4,38.9,23.7,25.6,31.3,23.3,35.5,32.0,24.3,30.7,38.5,23.9,21.5,22.7,22.0,27.2,28.8,17.9,28.98333333333333,32.03333333333333,24346.97416203703,,
2026-07-30 22:00:00+03:00,34.3,37.4,22.6,30.0,30.6,21.8,24.5,33.5,23.4,31.4,33.1,22.4,28.8,16.9,20.3,32.4,27.0,17.4,30.233333333333334,29.75,27634.912703703707,,
2026-07-30 23:00:00+03:00,39.9,37.8,21.6,31.3,29.9,20.5,23.2,41.4,20.4,31.8,30.2,21.0,30.1,17.3,19.1,29.5,34.6,15.8,30.96666666666667,31.866666666666664,29695.0032962963,,
2026-07-31 00:00:00+03:00,37.6,39.6,21.0,30.3,29.5,19.8,32.2,28.4,19.3,30.8,28.4,19.8,29.5,20.5,19.1,26.1,29.9,15.5,31.083333333333332,29.383333333333336,30031.896412037033,,
2026-07-31 01:00:00+03:00,33.2,39.6,20.5,32.6,38.9,19.1,26.5,36.7,18.0,30.6,28.1,19.0,29.9,22.3,18.9,24.6,28.1,15.9,29.566666666666666,32.28333333333334,25846.81862962963,,
2026-07-31 02:00:00+03:00,32.1,34.9,19.9,34.3,46.8,18.5,29.0,31.3,17.5,30.6,26.3,18.6,32.8,25.6,18.9,22.9,19.1,16.2,30.283333333333335,30.66666666666666,27772.247745370376,,
2026-07-31 03:00:00+03:00,31.1,23.0,19.3,31.4,36.4,18.4,32.0,28.4,17.8,32.8,27.0,17.7,31.4,23.0,18.4,20.3,14.8,16.3,29.833333333333332,25.433333333333337,26552.49537037037,,
2026-07-31 04:00:00+03:00,33.0,28.4,18.9,32.6,24.8,17.8,33.6,30.2,17.5,34.2,28.4,17.5,28.6,23.4,18.5,19.5,15.1,16.3,30.249999999999996,25.05,27680.64062499999,,
2026-07-31 05:00:00+03:00,34.2,29.5,18.4,33.0,25.9,17.4,34.9,30.2,16.9,35.0,29.2,17.3,29.1,22.3,18.1,19.2,15.5,16.3,30.899999999999995,25.433333333333334,29503.628999999986,,
2026-07-31 06:00:00+03:00,33.9,34.2,18.5,32.8,27.4,17.6,33.9,24.5,17.2,34.4,30.2,17.5,30.4,26.6,18.3,20.3,18.0,16.3,30.950000000000003,26.816666666666666,29647.08237500001,,
2026-07-31 07:00:00+03:00,31.4,33.5,18.6,31.1,33.8,18.5,31.5,25.9,18.1,35.0,33.1,18.3,28.9,29.2,18.9,20.0,22.7,16.0,29.650000000000002,29.699999999999992,26065.982125000006,,
2026-07-31 08:00:00+03:00,30.3,27.0,18.8,30.8,35.6,19.5,31.5,27.4,19.1,30.1,37.1,19.8,22.3,29.5,19.5,20.6,22.7,16.0,27.599999999999998,29.88333333333333,21024.575999999994,,
2026-07-31 09:00:00+03:00,29.1,28.8,19.7,22.7,34.2,20.3,23.6,28.1,20.1,26.7,39.6,21.6,22.2,29.5,20.6,18.8,21.6,16.0,23.850000000000005,30.299999999999997,13566.416625000009,,
2026-07-31 10:00:00+03:00,30.2,39.2,21.0,28.2,34.6,21.8,26.1,25.2,21.4,31.6,40.3,22.4,21.4,30.6,22.0,20.5,19.4,16.9,26.333333333333332,31.55,18260.7037037037,,
2026-07-31 11:00:00+03:00,40.6,40.3,21.1,30.8,40.3,23.0,28.4,28.8,23.0,27.4,37.4,21.7,21.5,32.4,23.3,19.8,21.6,18.0,28.08333333333334,33.46666666666666,22148.58391203705,,
2026-07-31 12:00:00+03:00,39.0,43.9,20.4,36.8,46.8,23.8,30.8,34.2,24.7,25.8,33.5,20.2,25.4,36.0,24.9,18.4,22.7,17.8,29.36666666666667,36.18333333333333,25325.845962962972,,
2026-07-31 13:00:00+03:00,39.2,39.2,19.1,32.6,45.0,23.2,30.6,38.9,25.7,30.5,29.5,19.6,30.4,41.4,25.7,17.1,25.9,18.2,30.066666666666666,36.65,27180.400296296295,,
2026-07-31 14:00:00+03:00,34.5,46.1,18.7,28.6,44.6,20.8,38.7,40.3,25.1,19.5,29.9,20.5,33.3,43.2,26.0,17.2,23.4,18.9,28.633333333333336,37.91666666666667,23475.54737037038,,
2026-07-31 15:00:00+03:00,29.3,44.6,19.3,25.8,32.8,20.3,35.1,35.3,20.7,28.2,35.6,22.1,33.1,44.3,27.1,22.5,26.3,20.5,29.0,36.48333333333334,24389.0,,
2026-07-31 16:00:00+03:00,33.4,38.5,20.5,23.1,33.8,19.1,29.7,28.1,19.4,28.0,37.4,23.3,29.1,44.6,26.8,21.6,22.3,18.6,27.483333333333334,34.11666666666667,20759.08541203704,,
2026-07-31 17:00:00+03:00,36.8,38.9,20.5,20.2,44.6,20.4,25.8,23.8,18.3,27.7,35.3,23.9,22.9,43.6,25.5,21.7,19.4,18.8,25.849999999999998,34.266666666666666,17273.551624999996,,
2026-07-31 18:00:00+03:00,33.3,35.3,21.2,21.3,34.6,21.4,28.5,39.6,18.9,28.3,36.0,24.4,29.2,45.0,24.1,29.2,16.6,19.5,28.299999999999997,34.516666666666666,22665.186999999994,,
2026-07-31 19:00:00+03:00,30.2,32.8,20.5,21.8,34.6,20.9,29.3,41.4,19.6,23.4,33.8,23.5,27.2,43.6,22.1,14.1,13.0,19.2,24.33333333333333,33.2,14408.03703703703,,
2026-07-31 20:00:00+03:00,24.9,28.4,20.6,21.7,32.0,20.8,34.0,35.6,19.2,21.2,31.7,22.5,28.0,45.4,19.6,20.5,21.2,18.3,25.05,32.38333333333333,15718.937625,,
2026-07-31 21:00:00+03:00,23.8,25.2,19.7,20.4,29.9,20.0,33.1,42.5,18.2,19.0,25.9,21.5,25.7,27.7,18.6,23.2,32.4,17.1,24.200000000000003,30.599999999999998,14172.488000000005,,
2026-07-31 22:00:00+03:00,21.4,18.0,19.3,21.1,25.2,19.3,33.1,40.7,17.4,20.1,19.8,20.5,25.0,19.4,18.1,26.3,32.4,17.3,24.5,25.916666666666668,14706.125,,
2026-07-31 23:00:00+03:00,18.1,17.6,18.3,21.0,16.9,18.5,31.3,38.5,16.8,23.8,18.7,19.0,24.2,18.7,17.5,23.7,29.9,16.8,23.683333333333334,23.383333333333336,13283.98824537037,,
2026-08-01 00:00:00+03:00,16.3,16.9,17.4,21.6,12.2,16.7,31.9,33.1,16.8,23.3,20.2,17.7,23.9,16.6,17.1,23.9,28.8,16.2,23.483333333333334,21.3,12950.282078703705,,
2026-08-01 01:00:00+03:00,14.9,12.2,16.4,20.9,11.5,16.0,29.0,33.1,16.7,22.9,19.1,16.9,23.2,19.4,17.7,25.4,25.2,16.0,22.716666666666665,20.083333333333336,11722.866421296294,,
2026-08-01 02:00:00+03:00,13.5,11.5,15.5,16.9,11.2,14.9,23.1,30.2,16.4,21.5,16.2,16.4,22.2,20.2,17.9,25.3,26.6,15.7,20.416666666666668,19.316666666666666,8510.489004629631,,
2026-08-01 03:00:00+03:00,11.1,9.7,14.7,15.0,9.7,14.2,18.9,25.2,16.2,16.9,13.3,15.5,20.2,18.7,18.0,25.0,22.3,15.5,17.849999999999998,16.48333333333333,5687.411624999998,,
2026-08-01 04:00:00+03:00,7.7,8.3,14.1,11.9,7.2,13.8,9.5,20.2,15.7,15.5,12.2,14.7,18.5,18.4,17.7,24.4,18.4,15.1,14.583333333333334,14.116666666666669,3101.4901620370374,,
2026-08-01 05:00:00+03:00,4.5,7.2,13.2,10.1,7.9,13.7,9.9,10.8,15.1,15.3,11.2,14.1,17.1,13.3,17.2,23.0,23.0,15.1,13.316666666666668,12.233333333333334,2361.4925879629636,,
2026-08-01 06:00:00+03:00,3.4,7.2,12.6,7.5,7.9,13.2,10.5,6.5,14.8,14.1,11.9,13.8,14.8,16.6,17.2,23.4,29.5,14.9,12.283333333333331,13.266666666666666,1853.3127453703696,,
2026-08-01 07:00:00+03:00,4.5,8.6,13.3,4.5,6.5,14.2,9.5,4.0,15.0,16.6,15.1,14.2,10.0,16.6,17.6,19.7,24.8,14.8,10.799999999999999,12.600000000000001,1259.7119999999995,,
2026-08-01 08:00:00+03:00,6.1,10.1,15.1,6.3,7.2,15.8,7.9,10.8,16.9,19.3,18.7,15.5,6.8,14.0,18.0,18.0,23.8,14.7,10.733333333333333,14.1,1236.5277037037033,,
2026-08-01 09:00:00+03:00,11.5,11.5,16.7,5.5,10.4,16.6,6.9,12.2,17.2,16.3,23.0,16.9,6.3,14.8,19.2,14.9,23.0,15.8,10.233333333333333,15.816666666666665,1071.6460370370369,,
2026-08-01 10:00:00+03:00,10.5,15.8,18.1,8.0,16.2,17.4,8.1,17.6,18.2,20.2,27.0,18.3,7.3,16.6,19.9,13.8,22.3,17.0,11.316666666666665,19.249999999999996,1449.2909212962954,,
2026-08-01 11:00:00+03:00,10.2,18.0,19.1,7.9,19.4,18.0,8.9,23.0,18.7,23.7,31.3,18.8,5.6,16.6,20.7,13.6,22.3,17.9,11.65,21.76666666666667,1581.1671250000002,,
2026-08-01 12:00:00+03:00,9.6,21.6,20.7,8.1,21.2,18.7,11.5,23.8,19.3,26.3,34.9,19.9,5.2,16.2,21.3,12.7,24.1,19.0,12.233333333333334,23.633333333333336,1830.772703703704,,
2026-08-01 13:00:00+03:00,17.3,22.3,21.2,12.1,22.0,18.7,14.8,26.6,19.6,26.6,40.0,20.6,6.8,15.1,21.8,10.1,24.1,19.4,14.616666666666667,25.016666666666666,3122.8061712962967,,
2026-08-01 14:00:00+03:00,26.4,26.3,22.8,14.0,22.3,21.0,20.7,28.1,19.4,28.3,40.0,20.6,8.4,18.7,22.1,8.7,22.3,19.8,17.75,26.283333333333335,5592.359375,,
2026-08-01 15:00:00+03:00,27.5,33.1,23.0,15.8,25.9,21.8,18.4,28.1,19.8,26.9,39.6,20.9,6.5,19.4,23.7,10.4,20.2,20.6,17.583333333333332,27.716666666666665,5436.302662037036,,
2026-08-01 16:00:00+03:00,29.9,33.5,22.5,3.4,23.8,22.2,16.6,25.2,21.6,25.7,37.4,21.2,7.9,22.0,23.9,10.2,20.2,20.3,15.616666666666667,27.016666666666666,3808.59700462963,,
2026-08-01 17:00:00+03:00,28.0,34.9,21.7,12.7,22.0,20.8,8.4,26.3,20.6,22.3,36.7,21.2,13.7,23.0,24.9,10.3,19.1,20.8,15.9,27.0,4019.679,,
2026-08-01 18:00:00+03:00,25.5,34.9,20.9,15.0,27.4,20.3,18.0,20.5,19.5,20.9,34.9,21.0,11.7,20.9,23.7,8.1,17.3,20.0,16.533333333333335,25.983333333333334,4519.405037037039,,
2026-08-01 19:00:00+03:00,24.8,28.4,19.8,17.9,27.7,22.1,18.6,19.8,16.4,20.3,32.8,20.4,6.0,16.6,22.3,4.7,14.8,19.6,15.383333333333335,23.349999999999998,3640.4188287037045,,
2026-08-01 20:00:00+03:00,24.9,28.8,19.1,11.2,25.2,21.0,16.4,13.3,16.6,17.7,31.3,20.1,21.1,18.0,21.3,2.1,12.2,19.2,15.566666666666663,21.466666666666665,3772.13196296296,,
2026-08-01 21:00:00+03:00,25.6,32.0,18.5,10.7,20.5,19.3,14.1,14.4,15.6,17.3,25.9,19.2,24.5,11.5,19.9,3.4,6.8,17.4,15.933333333333335,18.51666666666667,4045.0130370370384,,
2026-08-01 22:00:00+03:00,23.4,26.6,17.3,20.1,23.8,16.7,19.5,15.1,14.7,22.7,19.4,18.1,8.8,8.3,17.4,3.6,5.8,16.0,16.349999999999998,16.5,4370.722874999999,,
2026-08-01 23:00:00+03:00,21.6,17.3,16.5,25.1,20.2,14.7,21.1,15.1,13.8,25.3,17.3,16.5,3.5,36.0,15.9,0.4,6.5,15.1,16.166666666666668,18.733333333333334,4225.3379629629635,,
2026-08-02 00:00:00+03:00,17.6,13.0,15.5,24.0,6.1,13.6,22.2,16.9,12.7,25.5,18.0,15.3,4.5,15.8,14.6,3.3,6.1,14.3,16.183333333333334,12.649999999999999,4238.419495370371,,
2026-08-02 01:00:00+03:00,17.3,15.5,14.8,20.5,7.2,12.3,22.3,27.0,13.1,25.2,19.4,14.5,13.2,14.0,13.9,11.9,6.1,13.8,18.400000000000002,14.866666666666665,6229.504000000002,,
2026-08-02 02:00:00+03:00,19.9,18.7,14.1,18.6,9.7,11.4,20.6,26.6,12.8,25.1,18.4,13.9,16.7,10.8,13.1,17.9,5.8,12.8,19.8,15.0,7762.392000000001,,
2026-08-02 03:00:00+03:00,23.5,18.4,13.2,14.8,9.4,10.6,18.8,22.3,13.7,23.1,15.8,13.4,13.7,12.6,12.0,24.4,6.5,11.0,19.716666666666665,14.166666666666664,7664.793921296295,,
2026-08-02 04:00:00+03:00,23.6,18.7,12.5,13.4,10.1,10.4,18.5,20.9,14.3,17.3,15.5,12.9,14.7,13.7,11.8,13.4,6.8,10.2,16.816666666666666,14.283333333333331,4755.75800462963,,
2026-08-02 05:00:00+03:00,23.1,18.7,12.1,16.1,11.5,10.1,15.6,15.5,14.3,13.6,14.0,12.4,13.3,15.1,11.2,11.3,7.2,9.7,15.5,13.666666666666666,3723.875,,
2026-08-02 06:00:00+03:00,24.4,19.1,11.9,18.6,13.0,10.2,12.9,12.2,13.9,16.7,15.1,11.9,13.8,15.8,11.4,6.8,5.0,11.6,15.533333333333331,13.366666666666667,3747.951703703702,,
2026-08-02 07:00:00+03:00,25.8,17.6,12.4,19.3,16.9,11.9,11.4,13.0,14.4,23.3,14.8,13.1,12.3,17.3,12.3,6.8,11.2,13.0,16.48333333333333,15.133333333333333,4478.526245370368,,
2026-08-02 08:00:00+03:00,27.7,16.9,13.6,17.5,17.6,13.7,11.5,18.7,15.8,23.7,22.7,14.8,10.1,17.6,13.7,7.2,10.8,14.4,16.283333333333335,17.383333333333333,4317.476078703705,,
2026-08-02 09:00:00+03:00,20.3,18.0,15.7,15.1,18.0,15.5,14.8,19.8,16.5,19.4,30.2,16.8,9.8,14.8,14.9,1.3,13.3,15.7,13.449999999999998,19.016666666666666,2433.1386249999987,,
2026-08-02 10:00:00+03:00,17.9,19.1,17.4,13.6,19.8,17.7,11.7,16.2,17.3,21.0,32.4,18.0,10.6,16.2,15.6,1.0,13.3,16.9,12.633333333333333,19.5,2016.2940370370368,,
2026-08-02 11:00:00+03:00,20.1,24.5,19.3,13.3,22.7,20.0,7.5,14.0,18.1,22.7,33.8,18.5,12.5,16.6,16.6,1.9,13.7,18.5,13.000000000000002,20.883333333333333,2197.000000000001,,
2026-08-02 12:00:00+03:00,22.3,29.2,20.7,12.4,26.6,21.0,5.3,18.0,19.0,26.7,37.1,19.6,12.5,18.4,17.5,2.4,18.7,18.2,13.600000000000001,24.666666666666668,2515.4560000000006,,
2026-08-02 13:00:00+03:00,22.9,31.7,21.4,15.5,26.6,21.2,2.4,22.7,19.7,26.1,37.4,19.7,12.0,18.7,18.5,6.2,19.1,17.6,14.183333333333335,26.03333333333333,2853.217828703705,,
2026-08-02 14:00:00+03:00,24.3,38.2,22.0,19.1,24.5,21.3,1.7,23.8,20.3,28.2,40.0,20.0,13.9,22.3,19.5,9.2,18.0,16.6,16.06666666666667,27.8,4147.413629629632,,
2026-08-02 15:00:00+03:00,26.2,40.3,21.6,11.0,23.8,21.4,1.5,22.7,20.7,28.0,40.7,19.7,12.0,24.8,19.8,25.3,18.0,16.5,17.333333333333332,28.383333333333336,5207.703703703703,,
2026-08-02 16:00:00+03:00,26.6,41.4,20.8,19.1,26.6,21.2,13.8,21.2,20.8,29.1,39.6,20.0,9.3,23.8,20.3,13.0,21.6,15.9,18.48333333333333,29.033333333333335,6314.527912037034,,
2026-08-02 17:00:00+03:00,25.5,41.4,20.4,14.5,25.2,20.4,21.3,20.9,22.1,30.6,39.6,20.1,11.1,19.8,20.3,12.3,22.7,16.9,19.216666666666665,28.266666666666666,7096.3360046296275,,
2026-08-02 18:00:00+03:00,23.5,38.9,19.9,17.8,26.3,20.9,22.1,22.3,21.2,30.2,39.2,20.3,12.9,19.8,19.2,10.8,24.8,17.1,19.55,28.55,7472.058875000001,,
2026-08-02 19:00:00+03:00,23.3,37.4,19.3,18.9,27.0,18.8,25.7,21.6,21.0,29.5,38.9,20.3,11.1,19.4,20.9,8.3,26.3,16.4,19.466666666666665,28.433333333333337,7376.914962962961,,
2026-08-02 20:00:00+03:00,26.2,33.5,18.5,22.6,36.0,16.6,20.4,25.6,20.0,28.3,36.7,19.4,17.1,19.1,19.2,6.9,25.6,14.0,20.25,29.416666666666668,8303.765625,,
2026-08-02 21:00:00+03:00,21.2,28.4,17.7,19.5,20.5,15.0,24.3,27.0,18.2,28.3,34.6,18.3,17.1,13.7,16.3,3.6,22.7,13.6,19.0,24.483333333333334,6859.0,,
2026-08-02 22:00:00+03:00,21.3,27.0,17.1,20.7,6.8,14.3,25.7,29.5,17.2,30.2,29.9,17.4,18.1,9.0,14.7,6.4,16.6,13.1,20.400000000000002,19.799999999999997,8489.664000000002,,
2026-08-02 23:00:00+03:00,21.0,23.4,16.5,22.4,9.0,13.7,26.6,33.8,16.7,28.2,24.5,16.3,22.3,7.2,14.0,13.5,16.2,12.0,22.333333333333332,19.016666666666666,11139.370370370369,,
2026-08-03 00:00:00+03:00,21.8,23.8,15.7,22.4,9.4,12.0,27.2,30.6,16.3,25.7,21.6,15.5,21.3,18.0,13.3,17.2,6.8,10.9,22.599999999999998,18.366666666666667,11543.175999999996,,
2026-08-03 01:00:00+03:00,23.9,21.2,14.5,22.8,14.8,11.3,24.3,29.2,15.7,27.3,23.4,15.0,20.5,16.6,13.0,18.6,12.2,10.0,22.900000000000002,19.566666666666666,12008.989000000003,,
2026-08-03 02:00:00+03:00,23.6,23.8,13.9,23.6,15.8,11.6,24.2,28.4,14.8,29.5,24.8,15.1,17.3,17.6,12.5,15.4,12.2,9.8,22.266666666666666,20.433333333333334,11039.912296296296,,
2026-08-03 03:00:00+03:00,22.1,22.7,13.4,23.4,18.7,11.6,25.7,22.0,13.7,30.6,23.4,14.9,20.3,17.3,12.0,16.4,11.5,9.0,23.083333333333332,19.266666666666666,12299.729745370369,,
2026-08-03 04:00:00+03:00,21.6,17.3,12.9,23.0,17.3,11.2,27.3,19.8,12.9,28.9,28.8,14.8,20.4,13.0,11.3,14.1,9.0,8.6,22.55,17.533333333333335,11466.731375000001,,
2026-08-03 05:00:00+03:00,21.7,23.0,13.2,22.7,19.8,10.9,29.2,18.0,12.3,25.9,28.4,14.2,21.3,18.4,11.4,12.9,13.0,9.1,22.28333333333333,20.099999999999998,11064.7210787037,,
2026-08-03 06:00:00+03:00,21.7,27.0,13.7,23.1,17.3,11.0,27.4,19.1,12.3,23.3,21.2,13.6,21.5,14.4,11.4,11.1,8.6,9.7,21.349999999999998,17.933333333333334,9731.810374999997,,
2026-08-03 07:00:00+03:00,21.3,27.7,14.0,18.7,18.0,11.9,24.7,27.0,13.3,20.1,18.0,14.6,20.7,18.7,12.2,8.9,11.5,10.4,19.06666666666667,20.150000000000002,6931.453629629633,,
2026-08-03 08:00:00+03:00,21.1,29.2,15.2,20.0,19.8,13.3,23.8,29.9,15.3,17.9,20.9,15.8,15.2,19.4,13.0,7.3,13.3,12.4,17.55,22.08333333333334,5405.443875000001,,
2026-08-03 09:00:00+03:00,20.1,32.4,15.8,18.5,23.4,14.8,25.5,34.9,16.4,17.8,26.6,17.1,14.4,20.9,14.2,6.6,13.7,13.2,17.15,25.316666666666663,5044.200874999999,,
2026-08-03 10:00:00+03:00,19.9,32.4,16.3,20.1,27.4,16.3,27.9,35.6,16.8,19.8,31.0,17.8,20.3,23.4,14.8,5.0,11.5,13.7,18.833333333333332,26.883333333333336,6680.078703703703,,
2026-08-03 11:00:00+03:00,17.9,31.7,16.7,21.3,29.5,17.7,30.7,37.1,17.2,22.7,34.9,18.8,23.3,27.4,16.1,1.3,11.2,15.4,19.533333333333335,28.633333333333336,7452.965037037039,,
2026-08-03 12:00:00+03:00,17.9,30.2,17.7,22.0,31.7,18.1,30.9,42.1,17.8,24.4,35.3,19.3,23.2,26.3,16.8,4.2,14.0,16.0,20.433333333333334,29.933333333333337,8531.348037037038,,
2026-08-03 13:00:00+03:00,17.9,28.4,18.0,22.3,34.9,19.0,31.3,44.3,18.1,23.5,37.4,19.8,24.6,28.4,17.5,5.7,18.7,16.4,20.883333333333333,32.016666666666666,9107.505912037037,,
2026-08-03 14:00:00+03:00,19.6,29.5,19.0,23.2,34.9,19.3,31.2,42.1,18.6,26.5,40.0,20.2,25.9,28.4,18.3,4.9,24.8,12.0,21.883333333333336,33.28333333333334,10479.496745370374,,
2026-08-03 15:00:00+03:00,17.0,32.4,19.8,23.2,37.8,19.7,34.9,41.4,19.0,28.0,42.1,20.4,26.0,31.0,20.0,13.4,16.2,17.2,23.75,33.48333333333333,13396.484375,,
2026-08-03 16:00:00+03:00,17.8,32.4,19.5,23.7,38.2,19.6,36.0,46.4,18.9,26.5,41.0,20.3,26.3,34.6,20.6,12.7,18.4,15.6,23.833333333333332,35.166666666666664,13537.995370370369,,
2026-08-03 17:00:00+03:00,18.5,32.0,19.2,23.3,35.3,19.1,36.7,47.5,18.9,25.1,35.6,20.3,26.0,36.4,20.0,17.0,18.7,13.9,24.433333333333334,34.25,14586.401370370371,,
2026-08-03 18:00:00+03:00,21.3,32.8,19.2,23.7,31.7,18.8,36.6,47.2,18.2,24.7,33.1,20.2,26.8,32.8,20.2,7.0,16.9,13.6,23.349999999999998,32.41666666666667,12730.945374999996,,
2026-08-03 19:00:00+03:00,25.5,32.4,19.1,19.4,31.0,17.9,38.4,45.7,18.4,24.1,31.0,20.2,27.2,27.7,19.7,18.1,15.5,13.5,25.45,30.549999999999997,16484.028625,,
2026-08-03 20:00:00+03:00,27.4,31.3,18.0,18.9,29.5,16.8,37.0,45.0,17.7,20.4,27.7,19.2,24.4,25.9,19.2,22.7,18.7,13.2,25.13333333333333,29.683333333333334,15876.335703703697,,
2026-08-03 21:00:00+03:00,28.0,29.5,17.4,19.9,23.4,16.0,35.9,47.5,17.0,17.7,23.0,18.4,22.9,19.8,17.6,13.4,39.2,11.6,22.96666666666667,30.400000000000006,12114.176629629632,,
2026-08-03 22:00:00+03:00,30.5,28.4,16.5,23.7,20.2,14.1,32.7,45.4,16.5,14.9,16.2,17.0,21.6,16.2,15.5,19.9,17.3,11.6,23.883333333333336,23.950000000000003,13623.378412037042,,
2026-08-03 23:00:00+03:00,32.3,27.4,16.0,26.0,16.2,12.7,36.0,37.4,16.2,10.6,10.1,15.9,22.1,17.6,14.6,23.4,17.6,11.5,25.066666666666666,21.049999999999997,15750.33362962963,,
2026-08-04 00:00:00+03:00,26.7,31.7,15.8,25.0,19.4,11.7,32.3,42.5,16.0,6.0,9.7,14.0,24.5,17.3,13.0,22.8,18.0,11.2,22.883333333333336,23.099999999999998,11982.787578703708,,
2026-08-04 01:00:00+03:00,24.8,34.9,15.5,23.2,19.8,11.2,33.7,47.5,15.3,7.9,7.2,13.4,25.8,18.7,11.7,23.7,14.8,11.2,23.183333333333334,23.816666666666666,12460.275328703705,,
2026-08-04 02:00:00+03:00,25.1,31.3,15.2,23.3,18.0,10.3,40.0,49.0,14.9,8.6,7.9,13.0,26.2,20.5,10.9,22.4,13.0,10.8,24.266666666666666,23.28333333333333,14289.93896296296,,
2026-08-04 03:00:00+03:00,26.5,25.9,14.9,23.1,15.8,9.4,38.7,48.6,14.8,8.8,7.9,12.5,27.0,20.9,10.3,24.1,18.7,10.7,24.700000000000003,22.96666666666667,15069.223000000005,,
2026-08-04 04:00:00+03:00,25.0,24.8,14.8,23.5,15.5,8.3,38.0,48.2,14.6,9.6,8.3,11.8,29.0,20.5,9.9,17.3,21.6,10.8,23.733333333333334,23.150000000000002,13368.30103703704,,
2026-08-04 05:00:00+03:00,23.2,28.8,14.5,22.9,13.3,7.9,35.9,46.1,14.3,11.1,6.1,11.2,29.3,20.9,9.4,19.0,21.6,10.9,23.566666666666663,22.799999999999997,13088.638629629624,,
2026-08-04 06:00:00+03:00,21.8,29.5,14.0,22.3,14.0,8.1,33.4,41.0,14.2,12.6,6.5,11.0,28.9,24.1,9.6,19.2,22.0,11.1,23.03333333333333,22.849999999999998,12219.9767037037,,
2026-08-04 07:00:00+03:00,20.7,29.2,14.1,21.7,16.2,10.7,31.9,40.7,14.4,13.3,6.5,11.8,28.3,26.3,10.7,16.0,18.4,11.2,21.98333333333333,22.88333333333333,10623.818328703699,,
2026-08-04 08:00:00+03:00,21.7,28.8,14.8,17.7,19.8,12.1,31.0,39.6,14.8,12.8,6.8,13.3,28.0,30.2,12.3,13.0,25.6,10.7,20.7,25.133333333333336,8869.742999999999,,
2026-08-04 09:00:00+03:00,20.1,34.9,15.1,17.8,29.5,14.0,29.5,40.3,15.1,7.6,10.8,14.7,26.0,34.9,13.8,11.2,22.3,10.5,18.7,28.783333333333335,6539.2029999999995,,
2026-08-04 10:00:00+03:00,20.7,34.6,15.6,18.7,31.3,15.3,31.7,41.4,15.3,6.2,16.6,16.7,26.9,37.8,14.8,11.8,14.0,11.2,19.333333333333332,29.28333333333333,7226.370370370369,,
2026-08-04 11:00:00+03:00,23.2,32.8,16.0,21.8,33.1,16.4,32.0,42.1,15.6,3.9,17.3,18.1,28.6,38.5,16.1,11.1,19.4,10.4,20.099999999999998,30.533333333333335,8120.600999999998,,
2026-08-04 12:00:00+03:00,25.2,38.2,16.5,24.5,38.2,17.0,32.4,44.3,16.1,1.5,16.6,19.4,28.7,38.9,16.9,15.7,17.3,11.0,21.333333333333332,32.25000000000001,9709.037037037035,,
2026-08-04 13:00:00+03:00,26.1,38.5,16.5,26.7,38.9,17.7,33.7,45.4,16.8,3.6,16.2,20.4,28.1,38.5,17.5,20.3,21.2,11.3,23.083333333333332,33.11666666666667,12299.729745370369,,
2026-08-04 14:00:00+03:00,26.1,37.1,16.7,27.3,39.6,18.1,34.9,45.4,17.2,8.8,27.7,21.6,30.1,39.2,18.4,19.7,19.8,11.7,24.483333333333334,34.800000000000004,14676.13291203704,,
2026-08-04 15:00:00+03:00,27.6,37.1,17.4,24.7,40.7,18.1,34.9,45.4,17.5,9.7,33.1,21.8,30.1,38.5,18.3,15.0,25.2,12.8,23.666666666666668,36.666666666666664,13255.962962962965,,
2026-08-04 16:00:00+03:00,27.5,37.1,17.6,23.4,40.3,18.1,33.3,47.5,17.8,11.3,32.8,21.3,30.8,35.3,18.3,21.8,26.6,11.2,24.683333333333334,36.6,15038.739078703704,,
2026-08-04 17:00:00+03:00,27.2,37.4,18.0,23.6,37.8,18.2,33.0,49.7,17.9,11.1,32.8,21.1,31.2,36.4,17.9,17.5,25.9,11.5,23.933333333333334,36.666666666666664,13709.119703703704,,
2026-08-04 18:00:00+03:00,26.0,36.7,18.0,24.2,37.1,17.6,35.9,51.1,17.1,10.5,31.3,21.1,30.6,36.0,17.8,20.5,22.0,12.0,24.616666666666664,35.7,14917.214504629625,,
2026-08-04 19:00:00+03:00,26.9,36.0,18.0,22.4,34.6,17.2,36.1,49.0,18.0,12.3,27.4,20.2,28.7,33.8,17.4,23.0,23.8,12.1,24.900000000000002,34.1,15438.249000000003,,
2026-08-04 20:00:00+03:00,25.6,34.9,17.3,20.1,31.7,16.5,36.9,43.2,17.4,13.0,23.0,19.6,28.1,31.7,16.9,22.2,24.1,11.7,24.316666666666663,31.433333333333334,14378.451754629623,,
2026-08-04 21:00:00+03:00,22.8,32.8,16.6,19.8,28.8,15.4,37.2,44.3,16.4,12.6,18.7,18.7,26.0,28.4,15.9,19.5,23.0,11.3,22.983333333333334,29.333333333333332,12140.569162037038,,
2026-08-04 22:00:00+03:00,24.5,29.5,15.9,21.4,24.1,13.6,36.0,41.8,15.8,14.3,12.2,17.6,24.8,27.4,14.5,19.8,21.2,10.9,23.46666666666667,26.03333333333333,12922.7282962963,,
2026-08-04 23:00:00+03:00,23.9,23.8,15.0,24.0,15.8,11.7,27.8,35.6,15.5,15.2,6.8,15.6,24.9,19.4,12.6,23.8,21.6,10.7,23.26666666666667,20.5,12595.125629629634,,
2026-08-05 00:00:00+03:00,24.0,19.8,14.3,25.1,18.0,10.7,22.7,37.8,15.3,14.2,6.5,13.7,25.8,20.2,10.8,24.8,19.4,10.6,22.766666666666666,20.28333333333333,11800.443962962961,,
2026-08-05 01:00:00+03:00,24.0,17.6,14.2,24.9,18.4,10.3,25.2,42.5,15.0,11.6,4.7,12.7,27.8,19.8,9.8,24.4,17.3,9.9,22.98333333333333,20.05,12140.569162037033,,
2026-08-05 02:00:00+03:00,22.3,19.1,14.1,24.5,16.6,9.6,26.8,41.8,14.5,11.9,5.4,12.3,27.2,19.8,9.4,23.3,19.1,9.6,22.666666666666668,20.3,11645.629629629631,,
2026-08-05 03:00:00+03:00,18.6,14.0,13.3,22.2,16.9,8.9,25.2,32.4,14.2,13.4,7.9,12.2,25.2,19.4,8.8,22.9,18.0,8.5,21.25,18.099999999999998,9595.703125,,
2026-08-05 04:00:00+03:00,16.7,12.6,12.5,21.5,15.5,9.1,22.8,32.0,13.5,14.4,9.0,12.2,23.1,17.6,8.3,22.1,16.6,7.4,20.099999999999998,17.216666666666665,8120.600999999998,,
2026-08-05 05:00:00+03:00,15.5,10.4,12.4,19.6,14.8,9.0,22.1,32.4,13.3,15.7,10.8,12.4,21.3,16.6,8.0,21.3,14.0,6.9,19.25,16.5,7133.328125,,
2026-08-05 06:00:00+03:00,14.8,10.4,12.7,18.4,14.0,9.3,21.5,30.2,13.3,16.2,11.5,12.5,21.6,17.6,8.6,19.6,15.5,7.5,18.683333333333334,16.53333333333333,6521.734078703704,,
2026-08-05 07:00:00+03:00,14.6,11.9,12.9,16.5,12.6,10.5,20.7,26.3,13.9,16.1,13.0,13.0,21.0,17.6,10.3,15.7,17.3,8.1,17.433333333333334,16.45,5298.358037037037,,
2026-08-05 08:00:00+03:00,13.3,17.6,13.6,17.0,11.5,11.4,20.2,27.7,14.7,17.4,14.8,13.4,17.5,17.3,11.5,12.0,17.6,9.9,16.233333333333334,17.75,4277.826037037038,,
2026-08-05 09:00:00+03:00,19.7,23.0,13.9,15.9,13.3,12.9,20.1,28.1,15.7,19.0,16.6,13.8,15.2,19.4,13.3,12.3,19.8,11.1,17.033333333333335,20.033333333333335,4941.956703703705,,
2026-08-05 10:00:00+03:00,17.0,18.7,14.1,13.0,13.7,13.6,19.3,30.2,16.1,20.9,20.5,14.0,17.0,25.2,15.5,16.4,23.0,12.8,17.266666666666666,21.883333333333336,5147.845629629629,,
2026-08-05 11:00:00+03:00,14.1,21.2,13.6,13.2,16.9,14.3,18.7,30.2,16.2,22.6,20.2,14.2,19.2,29.2,16.5,16.6,24.5,13.8,17.400000000000002,23.7,5268.024000000002,,
2026-08-05 12:00:00+03:00,15.9,22.7,13.9,11.4,19.4,14.7,19.5,32.0,17.1,24.4,24.1,15.0,19.7,29.2,17.4,17.6,27.0,13.9,18.083333333333332,25.73333333333333,5913.375578703703,,
2026-08-05 13:00:00+03:00,20.1,22.7,13.7,11.5,21.6,14.6,21.1,32.4,17.4,28.3,25.6,16.5,20.5,28.4,18.2,18.0,26.3,14.8,19.916666666666668,26.166666666666668,7900.416087962964,,
2026-08-05 14:00:00+03:00,20.8,20.9,13.4,10.7,21.6,13.5,20.7,31.7,17.6,25.3,26.3,17.1,21.6,27.7,18.8,19.5,25.6,15.5,19.766666666666666,25.63333333333333,7723.253962962962,,
2026-08-05 15:00:00+03:00,23.5,22.3,13.3,14.7,16.6,13.0,18.9,30.2,17.8,24.1,24.8,17.1,20.2,27.4,19.0,19.3,26.3,15.6,20.116666666666667,24.600000000000005,8140.81825462963,,
2026-08-05 16:00:00+03:00,27.2,29.5,13.2,15.5,13.7,11.9,17.9,29.2,18.0,20.8,22.0,16.9,19.6,27.0,19.2,18.9,25.9,15.9,19.983333333333334,24.55,7980.016662037038,,
2026-08-05 17:00:00+03:00,29.3,33.1,13.2,15.0,10.4,11.7,15.3,23.8,17.4,20.7,22.3,16.8,20.4,25.6,18.6,18.7,25.9,15.9,19.9,23.516666666666666,7880.598999999998,,
2026-08-05 18:00:00+03:00,28.2,31.7,13.2,19.1,13.7,11.7,16.6,29.5,16.9,22.2,21.2,16.6,19.4,32.0,17.5,20.3,24.1,15.7,20.966666666666665,25.36666666666667,9216.969962962961,,
2026-08-05 19:00:00+03:00,26.8,28.8,13.2,22.0,16.2,12.3,11.4,33.1,16.3,29.5,18.7,16.6,14.6,28.4,16.1,18.5,22.0,15.2,20.466666666666665,24.53333333333333,8573.168296296295,,
2026-08-05 20:00:00+03:00,26.2,29.2,13.2,22.8,16.9,11.8,11.6,27.7,15.7,29.0,18.0,16.5,13.9,18.4,15.1,18.1,17.6,14.2,20.266666666666666,21.299999999999997,8324.285629629629,,
2026-08-05 21:00:00+03:00,29.7,27.0,13.2,25.2,17.3,12.0,10.1,16.6,14.3,25.0,16.2,16.4,11.3,14.4,14.4,14.6,13.3,13.6,19.316666666666666,17.466666666666665,7207.697587962963,,
2026-08-05 22:00:00+03:00,27.3,25.6,13.4,25.3,16.9,11.6,11.9,13.7,14.0,22.5,17.6,16.3,10.1,8.6,13.6,13.9,6.5,12.0,18.5,14.816666666666668,6331.625,,
2026-08-05 23:00:00+03:00,22.1,26.6,13.7,24.2,17.3,11.7,14.7,13.3,13.3,24.7,17.6,16.1,9.9,6.1,13.0,13.9,4.7,10.7,18.250000000000004,14.266666666666667,6078.390625000004,,
2026-08-06 00:00:00+03:00,17.9,25.2,14.0,25.0,17.3,12.1,17.3,15.5,13.0,26.0,14.8,16.0,8.0,8.3,12.8,14.2,4.3,9.5,18.066666666666666,14.233333333333333,5897.040296296296,,
2026-08-06 01:00:00+03:00,17.4,22.7,14.1,22.5,14.8,12.0,19.6,16.9,12.8,26.0,14.8,15.8,9.2,8.6,12.6,12.9,4.3,7.6,17.933333333333334,13.683333333333332,5767.439703703704,,
2026-08-06 02:00:00+03:00,17.9,20.9,14.4,22.0,16.2,12.7,23.3,19.4,12.6,26.2,14.0,15.3,13.8,12.2,12.6,11.3,3.6,6.5,19.083333333333332,14.383333333333333,6949.646412037036,,
2026-08-06 03:00:00+03:00,17.8,19.4,14.4,21.7,15.8,12.8,25.7,19.8,12.5,24.6,14.0,14.9,18.0,16.2,12.5,5.1,2.9,5.2,18.816666666666666,14.683333333333335,6662.359671296296,,
2026-08-06 04:00:00+03:00,19.5,18.7,14.6,21.7,15.1,13.0,28.1,20.5,12.5,24.6,15.1,15.0,19.0,16.2,12.5,4.3,2.2,4.2,19.533333333333335,14.633333333333333,7452.965037037039,,
2026-08-06 05:00:00+03:00,19.7,20.2,14.5,22.8,14.4,13.1,28.7,22.3,12.3,22.4,15.1,15.0,19.5,18.0,12.3,4.2,2.2,3.8,19.55,15.366666666666667,7472.058875000001,,
2026-08-06 06:00:00+03:00,19.0,20.5,14.6,23.6,15.8,13.4,29.1,23.0,12.6,22.7,16.2,15.4,22.6,22.3,12.1,3.9,3.2,4.7,20.150000000000002,16.833333333333332,8181.353375000002,,
2026-08-06 07:00:00+03:00,18.4,18.4,14.6,24.2,17.3,13.5,29.8,23.4,12.8,23.5,16.9,15.8,24.0,26.3,12.2,5.1,3.2,7.9,20.833333333333332,17.583333333333332,9042.245370370369,,
2026-08-06 08:00:00+03:00,16.2,19.8,14.9,24.9,19.4,13.5,29.0,26.3,13.0,27.9,20.9,17.0,24.5,26.6,12.1,4.7,7.6,10.7,21.2,20.099999999999998,9528.127999999999,,
2026-08-06 09:00:00+03:00,20.2,20.9,15.3,27.0,19.8,13.5,30.1,29.2,13.2,21.7,29.2,18.2,26.0,26.6,12.3,6.3,12.6,13.0,21.883333333333336,23.05,10479.496745370374,,
2026-08-06 10:00:00+03:00,22.8,22.7,15.6,29.0,31.7,13.6,30.7,29.5,13.3,25.4,32.4,18.9,26.7,24.8,12.5,7.3,16.6,14.8,23.650000000000002,26.283333333333335,13227.977125000003,,
2026-08-06 11:00:00+03:00,25.4,23.4,16.1,27.0,28.1,14.3,31.4,29.2,13.7,31.4,38.5,19.7,27.8,30.2,13.0,6.2,18.7,14.9,24.866666666666664,28.016666666666666,15376.330962962957,,
2026-08-06 12:00:00+03:00,32.3,27.4,17.1,26.5,21.6,15.0,29.2,31.7,14.1,36.4,45.0,20.7,28.0,29.5,13.2,6.4,17.6,16.4,26.46666666666667,28.799999999999997,18539.488296296302,,
2026-08-06 13:00:00+03:00,35.1,34.2,18.3,28.5,22.3,16.0,29.3,30.2,14.6,37.1,49.0,21.0,26.4,31.7,13.2,8.4,20.2,16.7,27.46666666666667,31.266666666666662,20721.341629629635,,
2026-08-06 14:00:00+03:00,37.9,39.2,17.4,27.6,22.7,16.6,29.6,30.2,14.9,36.5,52.2,21.6,25.2,35.6,13.3,10.0,21.6,17.4,27.799999999999997,33.583333333333336,21484.951999999994,,
2026-08-06 15:00:00+03:00,41.1,41.8,17.6,29.9,18.7,18.5,24.4,24.5,15.2,34.0,52.6,22.0,26.6,37.1,13.4,11.9,23.8,17.9,27.983333333333334,33.083333333333336,21912.823328703707,,
2026-08-06 16:00:00+03:00,44.5,43.2,18.4,33.7,29.5,17.6,24.2,26.3,15.3,35.4,51.5,22.3,24.2,34.9,13.5,14.9,24.1,18.1,29.483333333333334,34.916666666666664,25628.887078703705,,
2026-08-06 17:00:00+03:00,42.2,42.8,19.0,34.8,37.4,18.1,20.7,26.3,17.1,36.3,50.8,22.6,22.5,27.4,13.7,15.6,23.8,18.0,28.683333333333334,34.75,23598.742412037038,,
2026-08-06 18:00:00+03:00,42.7,42.5,18.9,35.8,38.2,18.0,18.7,27.0,17.5,33.2,49.3,22.7,20.7,24.5,14.4,15.7,24.5,17.3,27.799999999999997,34.333333333333336,21484.951999999994,,
2026-08-06 19:00:00+03:00,40.7,46.1,18.5,34.0,38.5,17.5,14.6,27.0,17.4,32.8,49.3,22.0,20.2,20.5,15.3,16.9,23.4,16.6,26.53333333333333,34.13333333333333,18679.938370370368,,
2026-08-06 20:00:00+03:00,39.7,43.9,18.4,32.5,35.6,17.3,18.8,26.3,17.6,37.1,45.4,21.5,18.6,20.5,15.4,18.8,19.4,15.6,27.583333333333332,31.849999999999998,20986.51099537037,,
2026-08-06 21:00:00+03:00,38.4,45.4,18.2,30.0,34.9,17.2,22.9,18.4,17.0,34.2,42.1,20.9,18.6,16.9,15.7,20.7,17.6,15.0,27.46666666666667,29.216666666666665,20721.341629629635,,
2026-08-06 22:00:00+03:00,39.7,43.9,17.9,30.4,32.8,16.5,25.8,26.6,16.0,36.3,39.2,19.9,17.1,13.0,15.0,18.0,18.7,14.4,27.88333333333333,29.03333333333333,21678.74174537036,,
2026-08-06 23:00:00+03:00,40.9,36.4,17.9,30.9,32.4,16.7,32.9,30.6,15.1,35.7,38.9,18.7,24.8,14.0,14.0,16.6,18.4,13.8,30.299999999999997,28.450000000000003,27818.126999999993,,
2026-08-07 00:00:00+03:00,42.8,33.1,17.3,29.2,36.7,16.3,36.0,28.4,14.9,38.6,45.4,18.5,25.4,15.8,13.3,19.3,14.4,13.0,31.883333333333336,28.966666666666672,32410.905078703712,,
2026-08-07 01:00:00+03:00,36.6,31.7,17.0,32.1,37.4,15.9,35.5,28.8,14.8,37.8,46.8,18.2,27.1,17.6,13.0,21.6,14.8,13.1,31.78333333333333,29.516666666666666,32106.896495370365,,
2026-08-07 02:00:00+03:00,29.8,31.7,16.6,32.7,35.6,15.6,35.5,28.8,14.6,36.7,41.8,17.5,30.2,21.2,13.0,24.2,15.5,12.6,31.516666666666662,29.099999999999994,31305.513754629617,,
2026-08-07 03:00:00+03:00,25.9,30.2,16.2,33.3,38.5,15.3,31.2,25.2,14.6,35.5,42.8,17.3,29.0,22.0,13.0,25.8,19.4,12.5,30.116666666666664,29.683333333333334,27316.226587962956,,
2026-08-07 04:00:00+03:00,21.7,23.8,16.0,28.6,36.0,15.0,31.8,25.2,14.7,33.5,43.2,16.9,31.3,25.2,12.9,25.8,19.4,11.6,28.783333333333335,28.799999999999997,23846.423995370373,,
2026-08-07 05:00:00+03:00,24.0,28.8,15.5,28.5,31.7,14.4,28.5,27.0,14.7,31.6,46.1,16.8,25.7,27.7,13.3,27.0,25.9,11.3,27.549999999999997,31.2,20910.518874999994,,
2026-08-07 06:00:00+03:00,24.2,32.8,14.5,26.7,29.9,14.5,32.1,26.3,14.5,30.2,45.0,16.7,25.2,30.2,13.4,27.4,27.4,11.2,27.633333333333336,31.933333333333334,21100.844037037044,,
2026-08-07 07:00:00+03:00,27.2,33.1,14.3,25.5,29.5,14.9,27.6,28.1,15.1,29.5,44.3,16.5,28.0,33.1,14.0,27.0,29.9,11.4,27.46666666666667,33.0,20721.341629629635,,
2026-08-07 08:00:00+03:00,30.7,37.4,14.4,23.9,29.9,14.2,24.3,25.9,15.5,28.3,34.6,16.1,24.0,33.1,14.8,25.5,26.6,11.3,26.116666666666664,31.249999999999996,17813.663254629624,,
2026-08-07 09:00:00+03:00,29.7,40.7,14.6,23.6,27.4,13.4,18.4,22.3,16.1,27.3,35.3,16.1,19.4,30.6,15.5,25.8,25.6,11.4,24.03333333333333,30.316666666666663,13881.680037037033,,
2026-08-07 10:00:00+03:00,29.5,41.8,14.6,22.4,26.6,13.1,22.0,22.3,16.0,29.7,35.3,16.2,12.7,29.2,15.6,24.6,27.7,11.2,23.483333333333334,30.48333333333333,12950.282078703705,,
2026-08-07 11:00:00+03:00,30.5,42.1,15.0,21.6,27.7,13.2,24.6,25.6,16.1,31.6,39.2,16.8,15.1,27.0,16.4,23.7,30.2,10.8,24.516666666666666,31.96666666666667,14736.157921296295,,
2026-08-07 12:00:00+03:00,32.3,43.6,15.9,23.1,29.9,13.7,25.9,23.8,16.0,31.8,41.0,17.3,14.9,24.5,17.1,25.0,30.2,10.8,25.5,32.166666666666664,16581.375,,
2026-08-07 13:00:00+03:00,32.8,48.2,16.9,30.2,30.6,13.6,26.1,23.8,15.8,32.3,43.6,17.8,9.6,23.4,17.9,24.0,28.4,10.7,25.833333333333332,33.00000000000001,17240.162037037033,,
2026-08-07 14:00:00+03:00,32.2,51.8,18.0,31.9,30.2,13.2,29.5,27.0,15.4,31.3,45.4,18.6,13.9,20.9,17.4,23.4,23.4,11.6,27.03333333333333,33.11666666666667,19755.990037037034,,
2026-08-07 15:00:00+03:00,34.9,51.8,18.6,27.2,28.8,13.6,28.4,30.6,15.5,30.6,46.8,18.7,15.1,25.2,17.8,12.8,22.7,12.3,24.833333333333332,34.31666666666666,15314.5787037037,,
2026-08-07 16:00:00+03:00,35.3,50.8,18.9,25.9,30.2,14.2,27.9,31.7,15.6,31.4,46.1,18.7,35.1,32.8,17.1,9.0,18.7,13.1,27.433333333333334,35.050000000000004,20645.99137037037,,
2026-08-07 17:00:00+03:00,34.2,50.8,18.8,25.3,29.9,15.2,29.0,32.0,15.4,32.2,44.6,18.6,32.8,32.8,15.7,5.0,16.2,13.3,26.416666666666668,34.383333333333326,18434.61400462963,,
2026-08-07 18:00:00+03:00,33.2,49.3,18.6,26.7,29.5,15.9,28.6,29.9,15.0,32.0,45.7,18.3,28.5,30.6,14.6,4.8,13.7,14.3,25.633333333333336,33.11666666666666,16842.837370370376,,
2026-08-07 19:00:00+03:00,34.3,52.2,17.8,25.7,35.6,16.5,30.3,29.5,14.8,31.1,45.4,18.1,29.1,31.0,14.2,3.8,8.3,14.0,25.71666666666667,33.66666666666667,17007.6389212963,,
2026-08-07 20:00:00+03:00,36.6,52.2,17.3,25.4,39.6,15.9,34.7,29.9,14.5,28.7,43.6,17.5,29.1,31.7,13.7,4.2,4.7,14.0,26.45,33.61666666666667,18504.486125,,
2026-08-07 21:00:00+03:00,34.5,52.6,16.9,26.5,37.4,15.0,35.5,32.0,14.5,28.1,37.1,16.7,30.8,32.4,13.5,1.3,4.3,13.1,26.11666666666667,32.63333333333333,17813.66325462964,,
2026-08-07 22:00:00+03:00,32.9,51.5,16.4,26.9,34.9,14.3,36.4,37.4,14.4,28.2,34.2,15.8,28.6,30.6,13.2,4.2,5.4,12.2,26.2,32.333333333333336,17984.728,,
2026-08-07 23:00:00+03:00,33.8,47.2,16.0,29.0,35.6,13.9,35.3,45.7,13.8,29.9,24.1,15.0,24.9,29.9,12.9,9.8,6.8,10.5,27.11666666666667,31.55,19939.25408796297,,
2026-08-08 00:00:00+03:00,33.8,47.9,15.7,29.2,37.1,13.9,33.2,46.8,13.9,29.5,23.8,14.6,23.6,27.7,12.8,12.3,6.5,9.4,26.933333333333337,31.633333333333336,19537.55970370371,,
2026-08-08 01:00:00+03:00,33.6,44.6,15.3,29.0,35.6,13.6,28.0,44.6,14.1,27.1,24.5,14.4,23.8,23.4,12.7,13.3,5.0,8.9,25.8,29.61666666666667,17173.512000000002,,
2026-08-08 02:00:00+03:00,32.0,43.9,14.6,28.8,35.3,13.2,18.7,36.0,14.7,26.2,19.4,13.9,22.6,24.1,12.5,20.2,6.1,8.2,24.75,27.466666666666665,15160.921875,,
2026-08-08 03:00:00+03:00,32.1,44.3,13.9,27.1,33.5,12.8,30.9,37.8,14.6,25.7,17.6,13.7,21.5,23.4,12.3,19.7,8.3,6.5,26.166666666666668,27.483333333333334,17916.1712962963,,
2026-08-08 04:00:00+03:00,31.4,43.6,13.4,25.9,33.1,12.5,31.2,34.9,13.7,26.0,15.8,13.3,22.5,23.4,12.1,18.5,10.1,7.4,25.916666666666668,26.816666666666663,17407.541087962967,,
2026-08-08 05:00:00+03:00,31.2,42.8,13.1,25.7,30.6,12.3,30.3,34.2,14.1,26.0,19.8,13.1,22.8,24.1,11.8,18.5,9.7,7.4,25.75,26.866666666666664,17073.859375,,
2026-08-08 06:00:00+03:00,32.1,42.8,12.9,25.9,29.2,12.1,31.4,38.2,13.9,25.1,22.7,13.4,22.5,23.4,11.7,18.5,10.8,7.9,25.916666666666668,27.850000000000005,17407.541087962967,,
2026-08-08 07:00:00+03:00,31.9,41.4,12.8,26.0,28.4,12.1,33.0,37.1,13.7,24.3,27.0,13.8,22.0,23.4,11.8,17.9,11.5,9.1,25.849999999999998,28.133333333333336,17273.551624999996,,
2026-08-08 08:00:00+03:00,31.2,40.7,13.3,25.8,28.1,12.1,34.5,38.5,13.7,25.3,31.7,14.6,24.6,18.4,11.6,13.2,15.1,10.4,25.766666666666666,28.75,17107.03396296296,,
2026-08-08 09:00:00+03:00,30.6,41.4,13.4,28.2,31.7,12.5,35.6,40.0,14.0,25.6,34.9,15.0,24.4,24.1,11.9,11.1,17.6,11.6,25.916666666666668,31.616666666666664,17407.541087962967,,
2026-08-08 10:00:00+03:00,29.1,41.0,13.8,29.0,31.7,12.7,39.0,41.4,14.1,26.1,36.4,15.6,23.2,28.8,12.1,11.9,19.4,12.7,26.38333333333333,33.11666666666667,18364.91799537036,,
2026-08-08 11:00:00+03:00,27.8,42.8,14.5,29.5,32.4,12.8,41.2,45.0,14.0,25.3,37.8,16.1,22.5,29.5,12.6,15.9,20.9,14.5,27.033333333333335,34.733333333333334,19755.99003703704,,
2026-08-08 12:00:00+03:00,27.2,42.5,14.9,29.4,33.5,13.1,35.6,46.4,14.3,24.2,38.9,16.7,21.1,25.9,13.3,19.4,23.8,16.4,26.150000000000002,35.16666666666667,17881.958375000006,,
2026-08-08 13:00:00+03:00,28.6,41.4,15.6,29.3,33.8,13.4,40.5,41.8,14.5,23.2,38.9,17.0,22.5,27.0,14.0,18.4,24.1,16.5,27.08333333333334,34.49999999999999,19865.813078703715,,
2026-08-08 14:00:00+03:00,31.0,41.0,16.1,29.1,36.0,14.1,40.3,45.7,14.0,22.7,38.9,17.5,21.1,27.4,14.7,16.4,22.7,16.2,26.76666666666667,35.28333333333333,19177.097296296302,,
2026-08-08 15:00:00+03:00,30.1,40.3,16.8,29.0,33.8,15.0,42.4,51.5,13.5,24.4,38.2,18.1,27.5,28.1,15.0,15.1,21.2,16.1,28.083333333333332,35.516666666666666,22148.583912037033,,
2026-08-08 16:00:00+03:00,26.9,41.4,17.2,27.4,33.5,15.3,44.3,59.0,13.0,25.0,38.5,18.1,27.8,29.5,14.8,11.9,19.1,16.5,27.21666666666667,36.833333333333336,20160.6626712963,,
2026-08-08 17:00:00+03:00,30.8,42.1,17.4,27.2,30.6,15.7,49.2,60.5,12.7,24.6,37.8,18.5,29.0,31.3,13.2,11.2,19.4,16.4,28.666666666666668,36.95,23557.62962962963,,
2026-08-08 18:00:00+03:00,29.3,41.8,17.5,24.0,32.0,15.7,50.6,57.2,12.8,20.2,33.5,18.8,28.5,34.6,13.2,7.4,13.3,14.0,26.66666666666667,35.4,18962.962962962974,,
2026-08-08 19:00:00+03:00,30.5,39.2,17.4,20.8,29.2,16.2,51.4,57.2,12.9,17.3,28.4,18.4,29.1,35.6,12.9,2.0,12.2,13.3,25.183333333333334,33.63333333333333,15971.27699537037,,
2026-08-08 20:00:00+03:00,30.4,38.2,16.8,24.5,25.2,15.2,47.3,56.2,13.3,15.7,25.9,17.7,29.4,31.3,12.9,4.9,11.5,12.7,25.366666666666664,31.383333333333336,16322.632629629623,,
2026-08-08 21:00:00+03:00,27.6,36.4,16.1,25.4,22.3,14.4,43.8,47.2,13.3,16.4,21.6,17.3,30.1,28.1,12.5,6.0,13.0,11.7,24.88333333333333,28.099999999999998,15407.269245370362,,
2026-08-08 22:00:00+03:00,28.8,32.8,15.4,27.5,18.0,13.1,41.4,41.0,13.4,20.7,11.2,16.3,32.9,31.3,12.2,5.5,14.4,11.4,26.13333333333333,24.783333333333335,17847.78903703703,,
2026-08-08 23:00:00+03:00,27.4,28.8,14.5,27.8,14.8,11.3,35.4,36.7,13.5,22.7,10.8,15.2,33.1,37.8,12.1,3.0,14.4,10.5,24.900000000000002,23.883333333333336,15438.249000000003,,
2026-08-09 00:00:00+03:00,25.7,21.6,13.6,28.6,22.0,11.2,28.6,33.5,13.0,24.2,12.6,14.1,36.5,41.4,11.6,1.2,8.6,10.0,24.133333333333336,23.28333333333333,14055.682370370376,,
2026-08-09 01:00:00+03:00,24.7,20.9,12.9,27.2,20.9,10.4,22.8,19.4,12.3,23.8,16.2,13.8,35.0,32.0,11.6,2.4,7.9,9.6,22.650000000000002,19.55,11619.959625000003,,
2026-08-09 02:00:00+03:00,24.9,19.1,12.2,26.2,19.1,9.5,18.1,12.6,11.8,26.5,20.2,13.8,38.1,42.1,11.9,1.8,7.9,9.6,22.599999999999998,20.166666666666668,11543.175999999996,,
2026-08-09 03:00:00+03:00,26.6,17.3,11.9,23.4,18.4,8.2,14.0,16.2,10.8,25.1,19.4,13.9,34.2,35.3,11.8,7.9,5.4,8.5,21.866666666666664,18.666666666666668,10455.570962962958,,
2026-08-09 04:00:00+03:00,26.7,17.3,11.6,22.2,14.4,7.5,16.1,14.8,8.7,24.6,24.1,14.1,28.1,32.4,11.4,8.4,4.7,8.4,21.016666666666666,17.95,9283.06750462963,,
2026-08-09 05:00:00+03:00,26.8,18.7,11.4,21.6,11.2,7.6,16.0,17.3,9.0,26.0,24.8,14.1,25.8,24.5,10.6,11.5,5.4,8.2,21.283333333333335,16.983333333333334,9640.930245370373,,
2026-08-09 06:00:00+03:00,27.1,19.4,11.3,25.3,13.0,8.1,18.3,18.0,10.1,26.9,21.6,14.1,24.2,25.9,10.9,11.1,6.5,8.4,22.150000000000002,17.400000000000002,10867.288375000004,,
2026-08-09 07:00:00+03:00,27.3,18.4,12.2,24.1,14.4,9.8,21.9,18.7,11.7,27.0,25.6,14.9,21.1,22.3,11.3,11.1,7.9,9.2,22.083333333333332,17.883333333333333,10769.458912037035,,
2026-08-09 08:00:00+03:00,27.0,19.8,13.9,27.7,19.1,12.4,21.5,18.0,12.5,25.2,31.3,16.4,16.9,18.7,11.7,11.6,12.6,10.0,21.650000000000002,19.916666666666668,10147.842125000003,,
2026-08-09 09:00:00+03:00,21.3,24.1,15.5,20.0,21.2,13.6,18.5,19.8,13.4,27.0,34.9,17.1,12.9,17.3,12.5,14.5,19.4,12.8,19.033333333333335,22.78333333333333,6895.163370370372,,
2026-08-09 10:00:00+03:00,25.4,29.9,16.8,19.5,24.1,15.7,17.7,22.7,15.3,28.8,36.0,17.3,11.2,16.9,14.0,15.7,23.4,14.0,19.716666666666665,25.5,7664.793921296295,,
2026-08-09 11:00:00+03:00,29.1,32.8,17.6,21.1,28.8,17.9,22.0,26.3,17.1,29.7,37.4,17.6,10.8,20.2,16.3,21.7,28.1,14.8,22.400000000000002,28.933333333333326,11239.424000000003,,
2026-08-09 12:00:00+03:00,31.3,36.7,18.6,28.9,31.0,18.3,24.9,27.7,19.3,30.9,38.5,18.0,15.1,23.8,17.6,25.8,32.8,16.6,26.150000000000002,31.75,17881.958375000006,,
2026-08-09 13:00:00+03:00,34.1,40.3,19.4,31.7,38.2,18.9,32.0,33.1,20.7,33.1,38.5,18.7,19.7,26.6,19.0,30.1,34.9,16.6,30.116666666666664,35.266666666666666,27316.226587962956,,
2026-08-09 14:00:00+03:00,34.0,41.4,19.5,29.4,38.2,18.6,31.6,37.8,20.5,33.9,41.0,19.2,23.3,28.8,19.6,28.5,36.4,16.7,30.11666666666667,37.266666666666666,27316.226587962974,,
2026-08-09 15:00:00+03:00,35.8,43.2,19.1,30.1,34.6,20.5,28.7,44.3,20.8,33.2,43.6,20.3,23.8,29.5,20.7,26.1,38.2,16.0,29.61666666666667,38.900000000000006,25978.168671296306,,
2026-08-09 16:00:00+03:00,37.9,45.4,19.8,36.3,40.0,20.8,29.3,40.0,20.6,33.1,46.1,21.2,23.5,29.5,19.9,27.7,43.2,17.1,31.299999999999997,40.699999999999996,30664.29699999999,,
2026-08-09 17:00:00+03:00,36.6,45.0,20.2,35.0,40.7,20.4,32.3,41.4,19.6,33.1,46.8,22.1,16.6,28.4,18.6,41.4,42.8,17.1,32.5,40.849999999999994,34328.125,,
2026-08-09 18:00:00+03:00,38.2,43.2,20.3,31.3,38.9,19.3,34.8,43.9,18.7,30.9,47.5,22.5,18.1,29.5,18.7,34.1,42.1,17.3,31.23333333333333,40.85,30468.77603703703,,
2026-08-09 19:00:00+03:00,34.7,42.8,20.4,31.0,38.9,18.6,38.4,43.6,18.3,29.2,46.4,22.2,21.4,27.7,18.8,25.9,37.4,17.0,30.099999999999998,39.46666666666666,27270.900999999994,,
2026-08-09 20:00:00+03:00,38.8,38.5,19.4,30.7,38.9,18.3,39.5,41.4,17.6,34.3,42.1,21.1,26.2,23.4,18.3,30.3,33.5,16.6,33.300000000000004,36.300000000000004,36926.03700000001,,
2026-08-09 21:00:00+03:00,39.9,37.8,18.9,30.5,36.7,17.3,36.2,41.0,17.3,34.1,38.9,20.1,30.0,24.5,17.7,29.7,32.0,15.9,33.4,35.15,37259.704,,
2026-08-09 22:00:00+03:00,42.1,38.5,18.6,33.8,28.8,16.1,35.6,36.7,16.8,33.2,38.2,18.8,31.0,23.4,16.9,30.6,30.6,15.4,34.38333333333333,32.699999999999996,40648.444662037036,,
2026-08-09 23:00:00+03:00,40.9,40.0,18.3,34.7,28.8,15.8,35.5,31.3,16.4,32.4,34.2,17.7,29.8,33.1,16.1,33.2,30.2,15.1,34.416666666666664,32.93333333333333,40766.780671296285,,
2026-08-10 00:00:00+03:00,40.6,41.4,18.2,34.9,33.8,15.8,36.8,34.9,16.0,33.1,27.0,16.5,30.3,33.5,15.4,31.5,30.6,14.7,34.53333333333334,33.53333333333333,41182.765037037054,,
2026-08-10 01:00:00+03:00,41.6,40.0,17.8,35.2,35.6,16.3,42.8,36.0,15.6,33.5,25.9,15.9,32.9,28.4,14.7,30.3,30.6,14.4,36.050000000000004,32.75,46850.67012500002,,
2026-08-10 02:00:00+03:00,38.7,38.2,17.5,32.7,35.3,15.7,45.9,38.2,15.8,33.8,27.0,15.5,35.1,33.5,14.8,28.2,28.4,14.2,35.733333333333334,33.43333333333333,45626.861037037044,,
2026-08-10 03:00:00+03:00,36.0,38.2,17.3,32.4,36.0,15.5,41.7,39.6,16.0,32.2,25.2,15.4,36.0,34.6,14.7,26.2,29.2,14.1,34.083333333333336,33.8,39593.708912037044,,
2026-08-10 04:00:00+03:00,37.1,36.7,16.9,32.2,36.4,15.1,39.2,39.6,16.1,32.0,25.2,15.3,36.1,34.6,14.5,26.1,28.8,14.1,33.78333333333333,33.55,38557.37816203703,,
2026-08-10 05:00:00+03:00,35.5,33.1,16.7,32.8,36.4,15.3,39.2,40.0,15.7,31.4,27.0,15.1,36.5,34.6,14.4,23.0,33.5,14.1,33.06666666666667,34.1,36155.24029629631,,
2026-08-10 06:00:00+03:00,33.0,33.1,16.9,32.7,36.4,15.5,38.0,38.9,15.5,30.3,28.8,15.4,36.3,33.1,14.6,20.2,32.4,13.4,31.75,33.78333333333334,32005.984375,,
2026-08-10 07:00:00+03:00,29.7,31.3,16.8,31.5,36.7,15.5,39.4,38.5,15.8,29.5,33.1,15.9,35.1,32.8,14.8,19.7,30.6,13.4,30.816666666666663,33.83333333333333,29265.569671296285,,
2026-08-10 08:00:00+03:00,25.7,29.5,16.7,29.1,36.7,15.8,42.1,36.0,16.3,27.7,36.0,16.5,30.8,33.5,15.5,20.0,31.3,13.5,29.233333333333334,33.833333333333336,24982.449370370374,,
2026-08-10 09:00:00+03:00,20.4,31.3,17.3,25.6,35.3,16.7,39.1,34.9,16.9,27.7,37.1,17.4,28.2,33.5,16.2,20.4,29.9,12.9,26.900000000000002,33.666666666666664,19465.109000000004,,
2026-08-10 10:00:00+03:00,18.4,31.0,17.9,26.7,33.1,16.3,37.7,37.1,17.3,26.5,37.8,19.0,28.3,35.6,16.8,15.1,17.3,13.6,25.45,31.983333333333334,16484.028625,,
2026-08-10 11:00:00+03:00,22.9,31.0,17.5,25.2,31.7,16.2,39.4,37.8,17.6,31.4,39.6,20.0,30.5,36.4,18.1,15.9,18.0,14.0,27.55,32.416666666666664,20910.518875,,
2026-08-10 12:00:00+03:00,25.9,36.7,16.9,27.6,31.0,16.7,35.7,36.4,18.7,30.2,42.5,20.3,31.6,38.2,18.7,20.6,19.4,14.2,28.599999999999998,34.03333333333334,23393.655999999995,,
2026-08-10 13:00:00+03:00,34.0,36.4,16.7,33.7,29.5,17.6,24.6,34.6,18.9,34.3,42.5,20.6,33.9,38.5,19.8,15.7,14.8,14.4,29.366666666666664,32.71666666666667,25325.845962962954,,
2026-08-10 14:00:00+03:00,33.9,36.4,16.7,40.9,32.8,18.5,24.9,29.5,17.9,32.9,38.5,19.2,32.5,37.8,19.7,10.3,13.3,14.4,29.233333333333334,31.383333333333336,24982.449370370374,,
2026-08-10 15:00:00+03:00,28.6,32.8,16.6,31.5,38.9,18.7,22.9,25.2,17.2,25.6,36.4,17.3,30.5,40.3,19.7,6.9,15.8,14.1,24.333333333333332,31.566666666666663,14408.037037037035,,
2026-08-10 16:00:00+03:00,26.9,41.8,16.8,22.8,38.9,17.1,31.6,23.4,16.6,23.1,25.2,16.8,36.0,40.3,19.6,5.3,13.7,13.5,24.283333333333335,30.549999999999994,14319.402745370373,,
2026-08-10 17:00:00+03:00,30.0,38.9,17.9,24.5,31.3,15.9,28.4,23.8,15.2,20.5,26.3,18.0,34.9,37.1,19.7,9.2,13.7,13.6,24.583333333333332,28.516666666666666,14856.698495370369,,
2026-08-10 18:00:00+03:00,34.1,40.0,17.5,25.5,32.8,15.8,30.5,41.8,15.5,32.7,42.1,18.4,36.0,37.8,19.5,9.6,13.3,13.2,28.066666666666666,34.63333333333333,22109.17362962963,,
2026-08-10 19:00:00+03:00,32.5,41.0,17.2,25.4,33.8,15.6,29.7,22.7,15.6,31.1,39.2,18.2,34.2,37.1,18.6,6.4,13.0,13.0,26.549999999999997,31.13333333333333,18715.161374999992,,
2026-08-10 20:00:00+03:00,33.4,35.3,16.8,23.8,33.8,16.0,29.8,28.1,15.4,31.7,31.7,18.5,38.2,33.5,17.3,0.8,10.8,12.5,26.283333333333335,28.866666666666664,18156.88441203704,,
2026-08-10 21:00:00+03:00,30.6,32.8,16.5,24.4,32.8,15.2,23.3,22.7,15.1,28.2,32.0,17.8,39.1,37.8,16.1,8.5,10.1,11.9,25.683333333333334,28.03333333333333,16941.589912037038,,
2026-08-10 22:00:00+03:00,31.2,29.2,15.3,26.3,25.9,14.7,22.4,27.7,14.7,27.7,28.8,17.0,39.1,43.9,15.8,11.6,12.6,11.2,26.383333333333336,28.016666666666666,18364.917995370375,,
2026-08-10 23:00:00+03:00,29.5,29.5,14.4,28.1,23.4,14.5,21.0,20.5,14.5,25.1,23.8,15.9,37.5,37.1,15.6,15.7,16.9,10.8,26.149999999999995,25.200000000000003,17881.95837499999,,
2026-08-11 00:00:00+03:00,29.2,34.9,14.1,28.8,33.5,14.4,25.3,17.6,13.9,23.2,19.8,15.4,31.9,40.3,15.4,17.7,23.8,10.7,26.016666666666666,28.316666666666666,17609.821671296293,,
2026-08-11 01:00:00+03:00,26.5,36.0,13.5,29.6,33.8,14.2,23.8,19.1,13.4,23.9,19.4,15.7,27.5,36.4,14.7,21.4,28.1,10.2,25.450000000000003,28.8,16484.028625000006,,
2026-08-11 02:00:00+03:00,26.0,35.6,13.6,29.7,29.5,13.8,24.5,23.0,13.2,24.7,31.0,14.6,24.8,27.7,14.5,22.9,37.4,10.2,25.433333333333337,30.7,16451.66470370371,,
2026-08-11 03:00:00+03:00,30.0,31.7,13.7,29.2,33.5,13.2,27.0,24.8,12.8,22.3,23.0,13.5,24.4,18.7,14.2,26.9,39.6,9.0,26.633333333333336,28.549999999999997,18891.94070370371,,
2026-08-11 04:00:00+03:00,31.7,24.8,13.8,31.1,31.7,12.9,26.3,23.4,12.6,20.2,17.6,12.8,22.4,19.1,13.9,28.4,33.8,8.9,26.683333333333334,25.066666666666663,18998.54074537037,,
2026-08-11 05:00:00+03:00,29.1,34.2,13.6,31.4,33.5,12.5,21.3,20.2,12.7,23.1,22.0,12.4,24.5,27.0,13.7,30.3,37.1,8.8,26.61666666666667,29.0,18856.496171296305,,
2026-08-11 06:00:00+03:00,26.5,31.0,13.5,30.9,37.1,12.4,16.3,17.6,12.4,18.1,19.1,11.6,26.4,22.0,13.5,32.3,38.9,8.2,25.083333333333332,27.616666666666664,15781.771412037035,,
2026-08-11 07:00:00+03:00,29.3,33.5,13.1,30.9,35.6,12.1,15.0,21.6,12.6,17.3,16.2,12.4,29.0,22.3,13.8,31.2,40.0,8.0,25.45,28.2,16484.028625,,
2026-08-11 08:00:00+03:00,31.6,37.1,12.9,33.3,33.1,12.2,9.5,22.0,13.1,21.0,27.4,13.2,21.4,34.2,14.1,28.3,40.0,7.8,24.183333333333337,32.300000000000004,14143.226162037045,,
2026-08-11 09:00:00+03:00,34.9,37.8,13.1,32.1,45.0,11.3,23.4,9.7,13.6,22.7,32.4,13.9,18.0,34.6,14.6,24.9,31.7,7.8,26.000000000000004,31.866666666666664,17576.000000000007,,
2026-08-11 10:00:00+03:00,36.7,39.6,12.7,35.7,43.9,11.2,46.5,71.3,13.1,19.9,34.2,14.0,18.2,30.6,14.8,21.8,27.0,7.8,29.8,41.1,26463.592,,
2026-08-11 11:00:00+03:00,36.4,40.0,12.2,39.8,52.9,10.6,56.7,69.5,12.5,18.4,35.6,14.6,20.6,24.1,14.8,20.2,26.6,7.9,32.01666666666666,41.449999999999996,32819.226671296274,,
2026-08-11 12:00:00+03:00,33.8,39.2,12.6,41.2,60.8,10.1,56.5,68.8,11.7,24.2,40.3,16.1,19.4,24.1,15.1,21.6,28.4,9.3,32.78333333333333,43.6,35233.7873287037,,
2026-08-11 13:00:00+03:00,29.5,39.6,13.3,38.2,56.9,10.1,57.8,68.4,11.9,26.4,46.1,16.6,19.0,23.4,15.1,22.1,27.0,10.1,32.166666666666664,43.56666666666666,33282.67129629629,,
2026-08-11 14:00:00+03:00,27.5,34.6,14.1,35.9,46.1,10.1,54.4,61.2,12.4,29.4,46.8,16.3,18.0,24.1,15.4,19.8,23.4,10.7,30.833333333333332,39.36666666666667,29313.0787037037,,
2026-08-11 15:00:00+03:00,25.6,33.8,14.9,28.9,36.0,11.0,47.6,59.4,12.7,35.4,46.8,16.4,11.5,20.5,15.5,16.0,19.1,11.0,27.5,35.93333333333333,20796.875,,
2026-08-11 16:00:00+03:00,29.2,35.6,15.4,25.3,38.5,12.4,41.5,56.2,13.5,35.4,46.4,16.7,20.0,15.8,16.7,19.0,10.8,11.7,28.400000000000002,33.88333333333334,22906.304000000004,,
2026-08-11 17:00:00+03:00,28.1,37.4,15.8,25.7,40.3,13.6,37.2,56.2,14.8,36.5,45.7,16.6,19.0,17.3,15.9,22.1,11.5,13.2,28.099999999999998,34.73333333333333,22188.040999999994,,
2026-08-11 18:00:00+03:00,32.4,38.2,16.5,25.4,38.9,14.6,31.6,50.4,14.5,34.9,44.6,16.3,32.1,47.9,13.7,18.4,9.0,12.9,29.133333333333336,38.166666666666664,24726.949037037044,,
2026-08-11 19:00:00+03:00,28.0,38.9,16.5,23.5,37.8,15.2,20.4,37.1,14.4,30.7,41.0,15.9,38.3,44.3,12.2,15.5,5.8,12.6,26.066666666666666,34.15,17711.546962962962,,
2026-08-11 20:00:00+03:00,27.0,34.9,16.2,26.2,32.4,14.0,14.7,24.8,14.2,30.8,36.4,15.6,38.8,42.5,11.4,16.2,8.6,12.3,25.616666666666664,29.933333333333334,16810.005337962957,,
2026-08-11 21:00:00+03:00,25.9,34.2,15.3,26.2,19.8,13.1,10.4,11.2,13.9,29.9,37.4,15.0,35.7,40.3,10.5,25.7,15.1,12.3,25.63333333333333,26.33333333333333,16842.837370370362,,
2026-08-11 22:00:00+03:00,29.8,33.5,14.5,26.0,20.5,12.0,24.0,18.4,14.0,29.9,40.0,14.7,35.8,38.5,10.3,23.3,16.9,11.6,28.133333333333336,27.96666666666667,22267.09570370371,,
2026-08-11 23:00:00+03:00,28.2,33.1,13.8,27.1,25.2,11.2,33.9,46.8,14.4,27.8,41.0,14.5,36.5,39.2,10.2,21.0,20.2,10.4,29.083333333333332,34.25,24599.85474537037,,
2026-08-12 00:00:00+03:00,29.9,36.7,13.7,26.0,23.8,10.4,30.5,47.5,13.4,30.5,38.5,14.1,35.1,40.3,10.0,23.3,17.3,8.8,29.21666666666667,34.01666666666667,24939.74433796297,,
2026-08-12 01:00:00+03:00,30.2,38.2,13.5,26.9,19.4,9.3,29.0,47.2,13.7,31.2,38.2,13.8,33.4,40.7,9.8,22.5,18.4,8.5,28.866666666666664,33.68333333333333,24054.14429629629,,
2026-08-12 02:00:00+03:00,33.1,37.1,13.0,27.6,17.6,9.2,29.6,48.6,13.4,30.3,37.1,13.9,30.7,38.2,9.7,20.3,18.4,7.2,28.600000000000005,32.833333333333336,23393.656000000014,,
2026-08-12 03:00:00+03:00,29.7,36.0,12.8,26.2,16.2,7.3,23.4,46.4,13.2,29.7,35.3,13.6,30.0,38.9,9.7,17.5,13.7,5.8,26.083333333333332,31.08333333333333,17745.54224537037,,
2026-08-12 04:00:00+03:00,29.6,36.0,12.6,25.6,15.8,7.1,19.3,41.0,12.8,28.5,33.8,13.4,28.0,33.8,9.5,18.0,10.1,4.8,24.833333333333332,28.41666666666666,15314.5787037037,,
2026-08-12 05:00:00+03:00,29.6,34.6,12.3,25.0,15.8,7.1,16.7,36.7,12.6,28.9,33.1,13.2,26.1,30.6,9.3,17.6,9.7,4.1,23.98333333333333,26.75,13795.219995370366,,
2026-08-12 06:00:00+03:00,28.5,33.8,12.3,25.1,15.5,7.4,14.8,27.0,12.6,28.8,36.7,13.2,23.5,28.1,8.9,16.2,7.6,4.5,22.816666666666666,24.78333333333333,11878.36300462963,,
2026-08-12 07:00:00+03:00,28.0,34.6,12.7,23.3,15.1,8.9,12.8,20.5,13.1,27.7,37.1,13.7,20.2,27.0,9.5,13.6,9.7,6.4,20.933333333333334,24.0,9173.079703703705,,
2026-08-12 08:00:00+03:00,26.2,34.9,13.2,23.2,16.9,10.8,12.7,22.7,13.8,28.3,34.9,14.1,18.6,27.4,10.8,6.8,11.5,8.3,19.3,24.71666666666667,7189.057000000001,,
2026-08-12 09:00:00+03:00,25.6,35.3,13.7,15.9,22.3,12.9,15.0,22.0,14.2,28.7,36.7,14.7,15.5,27.0,11.6,4.2,14.4,9.9,17.483333333333334,26.283333333333335,5344.0770787037045,,
2026-08-12 10:00:00+03:00,24.4,34.9,14.3,16.3,24.5,14.2,15.0,23.0,14.9,30.2,38.5,15.2,15.5,29.9,12.7,6.5,17.3,11.8,17.983333333333334,28.01666666666667,5815.814995370371,,
2026-08-12 11:00:00+03:00,23.2,34.2,14.8,17.3,28.4,14.9,14.7,25.9,15.5,32.7,40.0,15.6,19.0,32.4,13.6,13.4,20.9,12.5,20.05,30.3,8060.150125000001,,
2026-08-12 12:00:00+03:00,21.5,33.1,15.6,19.2,29.5,14.5,17.9,28.1,16.2,34.1,42.8,15.8,19.9,32.8,14.5,12.8,22.7,12.9,20.9,31.5,9129.328999999998,,
2026-08-12 13:00:00+03:00,22.8,32.0,16.2,16.9,29.5,14.3,19.7,29.9,15.9,34.0,43.9,15.9,22.7,33.1,15.1,11.6,23.0,13.2,21.283333333333335,31.900000000000002,9640.930245370373,,
2026-08-12 14:00:00+03:00,24.6,30.2,17.0,25.3,29.5,14.0,17.7,32.8,15.5,33.3,43.9,16.7,23.4,32.4,15.9,13.4,24.8,14.1,22.950000000000003,32.26666666666667,12087.822375000005,,
2026-08-12 15:00:00+03:00,25.2,30.2,18.3,20.5,27.0,14.8,15.0,32.4,16.2,33.3,44.6,16.5,25.1,31.7,16.8,13.8,23.8,14.7,22.150000000000002,31.616666666666664,10867.288375000004,,
2026-08-12 16:00:00+03:00,24.8,29.9,17.7,21.8,30.2,15.0,21.7,28.8,16.1,34.0,44.3,16.7,23.9,30.2,18.0,16.8,24.1,13.9,23.833333333333332,31.249999999999996,13537.995370370369,,
2026-08-12 17:00:00+03:00,21.5,30.2,18.1,12.0,30.2,14.9,21.9,28.4,15.7,34.9,42.8,16.9,23.8,29.5,17.6,16.9,25.6,15.1,21.833333333333332,31.116666666666664,10407.828703703703,,
2026-08-12 18:00:00+03:00,21.0,34.2,18.5,17.6,28.1,15.1,22.4,26.3,15.6,28.5,41.4,16.9,24.4,28.8,17.3,14.8,23.8,15.2,21.450000000000003,30.433333333333337,9869.198625000005,,
2026-08-12 19:00:00+03:00,14.3,32.4,17.1,20.9,27.7,14.7,23.1,28.8,15.5,26.9,38.9,16.6,23.6,27.7,16.5,16.9,25.2,14.7,20.950000000000003,30.11666666666666,9195.007375000003,,
2026-08-12 20:00:00+03:00,10.7,27.0,16.3,20.8,25.9,14.0,23.9,25.6,14.9,25.5,35.6,16.3,23.6,27.7,15.3,18.3,24.8,13.4,20.466666666666665,27.766666666666666,8573.168296296295,,
2026-08-12 21:00:00+03:00,8.1,18.7,15.6,19.2,22.0,12.6,18.6,22.3,14.1,23.2,29.5,15.6,25.1,25.2,13.8,17.3,22.0,12.2,18.583333333333332,23.28333333333333,6417.5734953703695,,
2026-08-12 22:00:00+03:00,4.5,8.6,14.5,19.4,14.8,10.5,16.3,16.6,12.4,22.3,20.9,14.3,23.8,19.8,12.0,15.7,11.9,9.2,17.0,15.433333333333335,4913.0,,
2026-08-12 23:00:00+03:00,0.7,7.6,13.3,18.6,7.9,8.8,15.7,12.2,11.6,20.8,14.8,12.9,22.1,22.3,10.2,15.5,6.5,7.1,15.566666666666668,11.883333333333333,3772.1319629629643,,
2026-08-13 00:00:00+03:00,3.3,8.3,11.8,17.0,11.2,7.3,15.7,13.3,10.9,20.1,13.0,11.9,21.3,19.8,9.2,13.9,6.5,5.3,15.216666666666669,12.016666666666666,3523.3726712962975,,
2026-08-13 01:00:00+03:00,6.9,8.3,11.3,15.8,8.6,6.6,14.2,13.7,10.4,20.1,10.8,11.1,20.1,16.9,8.6,10.6,6.5,4.2,14.616666666666667,10.799999999999999,3122.8061712962967,,
2026-08-13 02:00:00+03:00,10.1,7.9,10.9,13.6,4.3,5.9,12.6,13.3,10.4,19.0,9.0,10.2,19.3,16.2,8.2,8.9,6.1,3.6,13.916666666666666,9.466666666666667,2695.2910879629626,,
2026-08-13 03:00:00+03:00,15.7,10.4,10.4,4.6,5.0,4.4,12.1,12.2,10.0,5.5,8.3,9.5,13.8,14.8,8.0,6.3,6.1,2.2,9.666666666666666,9.466666666666667,903.2962962962961,,
2026-08-13 04:00:00+03:00,14.9,10.8,10.1,2.7,5.4,3.6,12.1,13.0,8.6,7.2,9.0,9.1,11.2,13.7,7.5,8.9,6.5,1.9,9.500000000000002,9.733333333333334,857.3750000000005,,
2026-08-13 05:00:00+03:00,12.2,8.6,9.5,4.0,6.1,3.2,9.7,11.2,7.1,10.3,9.0,9.3,11.7,12.2,6.3,8.7,5.4,1.1,9.433333333333335,8.749999999999998,839.4513703703709,,
2026-08-13 06:00:00+03:00,11.6,6.8,9.7,7.1,7.2,2.6,7.8,9.7,6.2,10.4,6.5,9.6,12.4,9.7,5.8,6.8,4.7,2.0,9.35,7.433333333333334,817.4003749999999,,
2026-08-13 07:00:00+03:00,10.2,7.9,9.1,13.1,7.2,4.4,8.1,9.7,7.4,10.5,5.4,9.7,10.3,8.6,7.4,2.4,4.0,4.9,9.1,7.133333333333334,753.5709999999999,,
2026-08-13 08:00:00+03:00,7.9,7.9,10.5,13.7,9.0,7.8,9.6,8.6,10.1,8.3,5.8,11.0,9.1,13.7,9.4,2.1,8.6,7.4,8.450000000000001,8.933333333333334,603.3511250000003,,
2026-08-13 09:00:00+03:00,11.2,10.4,13.2,15.9,11.5,10.5,16.2,10.4,13.2,5.8,6.1,13.3,11.6,16.6,11.4,4.1,8.6,9.3,10.799999999999999,10.6,1259.7119999999995,,
2026-08-13 10:00:00+03:00,8.4,13.3,14.9,10.0,12.6,13.0,15.7,16.2,15.7,4.9,7.2,15.8,13.7,22.0,13.2,3.7,8.6,11.1,9.399999999999999,13.316666666666665,830.5839999999996,,
2026-08-13 11:00:00+03:00,9.9,15.8,16.2,11.6,16.2,14.9,16.6,24.1,16.8,6.6,11.2,16.9,14.8,24.5,14.3,4.2,15.1,13.0,10.616666666666667,17.816666666666666,1196.642837962963,,
2026-08-13 12:00:00+03:00,11.0,20.9,17.6,11.7,19.8,16.4,19.4,29.5,17.1,7.0,13.3,17.6,16.2,25.9,15.7,5.3,16.6,14.7,11.766666666666666,21.0,1629.147296296296,,
2026-08-13 13:00:00+03:00,11.2,21.2,18.5,11.2,19.8,17.3,23.7,29.9,18.0,8.3,16.9,18.1,16.3,28.8,16.6,10.0,16.6,14.7,13.449999999999998,22.200000000000003,2433.1386249999987,,
2026-08-13 14:00:00+03:00,9.9,19.8,18.7,11.1,18.4,18.1,24.7,30.2,17.9,8.9,19.8,18.3,16.1,28.8,17.4,13.7,15.8,15.4,14.066666666666668,22.133333333333336,2783.386962962964,,
2026-08-13 15:00:00+03:00,6.9,18.0,18.6,11.8,20.9,17.9,20.3,32.0,17.6,10.8,20.5,18.7,17.5,29.2,18.0,14.6,18.7,16.4,13.649999999999999,23.21666666666667,2543.3021249999993,,
2026-08-13 16:00:00+03:00,6.2,17.3,19.3,12.0,20.9,17.9,17.2,32.0,18.0,9.9,20.2,19.1,17.4,28.4,18.4,11.8,18.0,16.2,12.416666666666666,22.8,1914.3223379629626,,
2026-08-13 17:00:00+03:00,4.8,14.4,19.2,11.9,19.8,17.4,14.7,31.7,18.0,9.6,22.3,19.7,15.6,27.7,18.3,9.4,15.8,16.7,11.0,21.950000000000003,1331.0,,
2026-08-13 18:00:00+03:00,4.6,16.6,18.5,12.6,19.8,17.5,10.8,29.9,17.6,9.8,22.0,20.2,17.4,27.0,17.8,8.2,15.5,16.7,10.566666666666665,21.8,1179.8152962962956,,
2026-08-13 19:00:00+03:00,9.0,16.2,18.0,12.1,18.4,16.8,10.2,27.7,16.9,9.8,20.2,19.9,18.8,24.5,17.6,8.6,14.0,15.8,11.416666666666666,20.166666666666668,1488.0515046296293,,
2026-08-13 20:00:00+03:00,7.5,15.5,17.6,11.1,18.4,15.5,12.0,22.7,16.1,11.3,18.0,18.8,17.5,20.9,16.2,8.8,10.1,15.2,11.366666666666667,17.599999999999998,1468.585962962963,,
2026-08-13 21:00:00+03:00,10.1,13.0,17.1,9.0,7.9,13.8,11.8,16.2,15.0,12.0,16.6,18.1,14.2,10.4,14.2,12.7,5.4,13.2,11.633333333333335,11.583333333333334,1574.3907037037043,,
2026-08-13 22:00:00+03:00,16.6,11.5,16.6,3.7,5.0,13.1,13.4,14.4,13.3,15.0,11.5,17.1,12.2,5.8,12.1,15.2,5.4,10.7,12.683333333333335,8.933333333333332,2040.3290787037047,,
2026-08-13 23:00:00+03:00,19.9,12.6,15.9,2.8,6.1,12.3,15.9,12.6,11.5,16.9,9.7,16.3,8.8,5.0,10.3,15.8,5.8,9.0,13.35,8.633333333333333,2379.2703749999996,,
2026-08-14 00:00:00+03:00,21.3,13.3,15.6,9.4,6.1,12.2,17.3,11.9,10.5,17.1,9.0,15.8,5.6,6.5,8.7,16.5,7.2,8.2,14.533333333333331,9.0,3069.698370370369,,
2026-08-14 01:00:00+03:00,21.0,14.8,15.2,16.4,6.8,11.9,18.0,13.3,10.5,17.8,10.1,15.4,3.1,5.4,7.6,17.2,8.6,6.7,15.583333333333334,9.833333333333334,3784.260995370371,,
2026-08-14 02:00:00+03:00,20.0,15.1,15.0,18.9,12.2,12.4,17.3,15.1,11.1,17.5,10.1,14.7,2.4,4.3,6.0,21.2,8.6,5.3,16.21666666666667,10.899999999999999,4264.6635046296315,,
2026-08-14 03:00:00+03:00,18.7,15.1,15.2,20.7,13.3,12.8,20.4,15.5,11.8,15.7,10.8,13.8,5.2,4.7,7.1,17.5,9.4,4.1,16.366666666666667,11.466666666666669,4384.10262962963,,
2026-08-14 04:00:00+03:00,18.9,14.4,15.2,21.4,14.8,13.0,23.6,16.2,12.1,15.6,10.8,13.4,9.0,6.8,8.3,16.0,8.6,3.8,17.416666666666668,11.933333333333332,5283.1765046296305,,
2026-08-14 05:00:00+03:00,19.6,13.7,14.8,20.9,15.5,13.0,24.8,17.3,12.4,16.2,10.4,13.2,13.9,6.8,8.5,15.0,8.3,3.9,18.400000000000002,12.0,6229.504000000002,,
2026-08-14 06:00:00+03:00,20.5,14.4,14.5,20.5,14.8,13.1,26.2,19.4,12.6,17.1,11.5,13.0,16.7,4.7,9.6,16.1,8.6,5.0,19.51666666666667,12.233333333333333,7433.903754629632,,
2026-08-14 07:00:00+03:00,19.2,18.0,14.8,18.7,14.8,13.3,26.9,19.8,13.0,16.4,11.9,13.0,19.0,6.1,10.2,18.2,9.7,7.6,19.73333333333333,13.383333333333333,7684.247703703701,,
2026-08-14 08:00:00+03:00,18.3,18.0,15.1,18.1,15.5,13.4,25.4,20.5,13.9,15.1,13.0,13.7,21.1,9.0,11.0,12.4,15.5,10.1,18.400000000000002,15.25,6229.504000000002,,
2026-08-14 09:00:00+03:00,20.1,19.4,15.7,17.4,16.9,14.1,20.2,21.6,15.0,14.4,14.4,14.6,21.8,11.2,12.4,13.1,20.2,12.3,17.833333333333332,17.283333333333335,5671.4953703703695,,
2026-08-14 10:00:00+03:00,16.8,20.2,16.7,14.1,19.1,14.8,17.7,21.2,15.2,9.7,18.4,17.0,24.0,13.3,13.0,12.6,23.4,13.7,15.816666666666665,19.266666666666666,3956.8071712962947,,
2026-08-14 11:00:00+03:00,14.4,19.4,16.4,14.3,21.6,16.0,17.8,22.0,15.4,11.5,22.3,18.0,18.6,15.1,14.6,18.0,24.1,13.4,15.766666666666666,20.75,3919.400629629629,,
2026-08-14 12:00:00+03:00,15.7,20.9,17.8,13.9,21.2,16.9,16.9,21.2,15.6,12.7,24.8,19.9,18.0,16.9,15.7,19.8,23.4,13.6,16.166666666666668,21.400000000000002,4225.3379629629635,,
2026-08-14 13:00:00+03:00,15.8,21.2,19.5,15.3,21.2,19.2,21.0,22.7,16.3,11.7,26.3,21.5,14.8,18.4,15.5,17.2,23.4,13.4,15.966666666666667,22.2,4070.4532962962962,,
2026-08-14 14:00:00+03:00,16.9,23.4,21.5,14.9,21.2,20.9,19.9,23.8,17.3,10.2,26.6,22.5,15.3,19.8,15.4,19.8,24.1,13.2,16.166666666666664,23.150000000000002,4225.337962962961,,
2026-08-14 15:00:00+03:00,20.2,21.2,22.9,14.3,19.1,19.0,13.2,24.8,17.6,12.1,25.6,23.1,17.3,20.5,15.7,19.1,27.4,12.6,16.033333333333335,23.099999999999998,4121.653370370372,,
2026-08-14 16:00:00+03:00,24.9,22.7,21.5,16.7,16.2,17.3,12.8,23.8,19.2,17.4,19.1,23.2,19.4,20.5,15.6,19.6,25.9,12.3,18.466666666666665,21.36666666666667,6297.461629629628,,
2026-08-14 17:00:00+03:00,25.6,25.6,18.9,16.0,13.0,18.1,14.6,21.6,18.9,19.5,17.6,22.3,19.7,19.8,15.5,19.1,26.6,12.2,19.083333333333332,20.700000000000003,6949.646412037036,,
2026-08-14 18:00:00+03:00,28.2,23.8,17.5,15.7,10.8,16.8,16.1,15.8,18.5,19.9,15.1,21.2,19.8,19.1,15.3,19.5,25.2,12.3,19.866666666666667,18.3,7841.064296296297,,
2026-08-14 19:00:00+03:00,34.2,25.9,16.8,26.4,10.8,16.4,18.4,14.8,17.8,19.2,15.5,19.9,20.0,19.8,15.0,21.7,24.1,12.7,23.316666666666666,18.483333333333334,12676.500921296296,,
2026-08-14 20:00:00+03:00,35.5,19.8,17.1,25.3,16.9,15.5,24.5,15.5,16.9,22.8,10.4,19.2,21.1,19.8,14.6,20.8,22.3,12.8,25.0,17.45,15625.0,,
2026-08-14 21:00:00+03:00,31.2,22.3,17.2,23.1,20.9,15.5,31.0,18.7,16.4,23.6,13.7,18.3,21.8,20.2,14.4,24.7,21.2,12.6,25.900000000000002,19.500000000000004,17373.979000000003,,
2026-08-14 22:00:00+03:00,29.3,23.0,17.0,24.5,21.2,15.3,33.4,22.3,15.7,27.0,22.3,17.4,25.0,16.9,14.0,23.9,19.8,12.5,27.183333333333334,20.916666666666664,20086.678662037037,,
2026-08-14 23:00:00+03:00,27.7,20.9,16.7,26.1,27.4,15.5,37.7,20.9,15.5,31.2,21.6,16.7,26.5,17.6,13.8,23.1,18.0,12.5,28.716666666666665,21.066666666666663,23681.111421296293,,
2026-08-15 00:00:00+03:00,27.9,19.1,16.6,25.5,28.1,15.8,37.5,26.6,15.6,29.3,23.4,16.2,26.7,17.6,13.6,22.6,19.1,12.5,28.25,22.316666666666666,22545.265625,,
2026-08-15 01:00:00+03:00,26.3,16.6,16.4,27.5,28.1,15.8,35.2,27.4,15.6,29.0,23.0,15.6,27.2,19.4,13.3,24.3,18.4,12.3,28.25,22.150000000000002,22545.265625,,
2026-08-15 02:00:00+03:00,23.7,18.4,16.2,27.2,25.6,15.7,30.8,25.6,15.5,26.1,20.5,15.0,28.9,20.2,13.0,25.0,18.4,12.3,26.950000000000003,21.45,19573.852375000006,,
2026-08-15 03:00:00+03:00,21.9,19.1,15.9,25.5,24.5,15.7,30.3,25.6,15.7,20.9,16.2,14.7,29.4,22.7,12.9,24.5,19.8,12.3,25.416666666666668,21.316666666666666,16419.3431712963,,
2026-08-15 04:00:00+03:00,19.5,15.5,15.4,23.7,18.4,15.5,28.5,25.9,15.7,19.9,13.7,14.3,30.0,20.9,12.9,23.9,19.8,12.4,24.25,19.033333333333335,14260.515625,,
2026-08-15 05:00:00+03:00,17.2,10.8,14.9,22.7,18.4,14.9,27.8,35.3,15.3,18.1,13.0,14.0,29.8,23.0,12.9,23.8,22.3,12.3,23.233333333333334,20.466666666666665,12541.069370370373,,
2026-08-15 06:00:00+03:00,14.5,10.1,13.9,21.5,18.7,13.7,27.0,26.3,15.4,19.8,13.7,13.6,29.1,22.7,13.0,25.5,24.8,12.3,22.900000000000002,19.383333333333333,12008.989000000003,,
2026-08-15 07:00:00+03:00,12.8,10.1,13.9,19.4,18.0,14.5,26.1,27.0,15.6,19.1,14.8,13.9,29.0,19.8,13.3,27.7,27.0,12.1,22.349999999999998,19.45,11164.327874999997,,
2026-08-15 08:00:00+03:00,13.8,11.9,14.6,19.4,19.4,15.2,24.2,25.9,15.8,19.5,15.5,14.9,28.5,20.5,13.7,29.4,27.4,12.0,22.46666666666667,20.099999999999998,11340.074962962966,,
2026-08-15 09:00:00+03:00,15.5,11.9,15.8,14.2,19.4,15.9,21.9,24.5,16.1,16.1,15.8,16.7,25.9,21.6,13.9,29.6,29.5,12.1,20.53333333333333,20.45,8657.218370370369,,
2026-08-15 10:00:00+03:00,9.8,10.8,17.0,11.1,19.1,16.9,19.7,25.9,16.4,12.9,18.0,18.7,22.6,21.6,14.5,28.4,27.4,12.1,17.416666666666668,20.46666666666667,5283.1765046296305,,
2026-08-15 11:00:00+03:00,7.8,12.2,18.5,10.1,19.1,18.9,17.5,25.9,17.6,13.0,21.6,20.8,21.3,21.6,15.1,27.0,26.3,12.3,16.116666666666667,21.116666666666667,4186.254921296297,,
2026-08-15 12:00:00+03:00,8.0,15.5,21.2,10.4,17.6,20.8,15.3,25.6,18.6,15.1,27.7,22.5,20.0,20.9,15.9,25.5,27.4,12.8,15.716666666666669,22.450000000000003,3882.2305879629644,,
2026-08-15 13:00:00+03:00,7.8,15.5,22.3,11.3,17.3,21.6,15.4,25.6,19.3,13.0,30.2,22.3,19.6,20.9,16.4,22.7,26.6,12.8,14.966666666666667,22.683333333333334,3352.549962962963,,
2026-08-15 14:00:00+03:00,11.2,14.8,22.7,12.4,16.9,21.9,13.7,24.5,18.5,13.9,24.5,21.8,18.1,20.9,17.4,20.1,25.6,13.1,14.9,21.2,3307.949,,
2026-08-15 15:00:00+03:00,14.5,13.7,23.3,7.6,17.6,22.9,10.7,22.0,19.3,13.1,23.4,23.9,16.7,19.4,18.6,20.7,24.5,13.4,13.883333333333333,20.099999999999998,2675.9700787037036,,
2026-08-15 16:00:00+03:00,15.3,15.1,23.5,10.8,15.8,22.6,8.0,20.5,20.9,13.8,23.4,25.1,15.7,18.0,19.4,18.8,23.0,13.8,13.733333333333334,19.3,2590.1677037037043,,
2026-08-15 17:00:00+03:00,12.3,20.5,23.2,20.9,11.9,21.8,3.0,19.1,19.9,15.7,22.3,25.5,16.6,17.3,19.6,15.3,22.0,14.2,13.966666666666667,18.849999999999998,2724.4466296296296,,
2026-08-15 18:00:00+03:00,14.5,19.8,23.2,1.6,10.8,21.0,6.5,11.5,19.0,17.4,25.2,25.0,18.6,15.8,19.7,14.6,22.0,15.1,12.200000000000001,17.516666666666666,1815.8480000000004,,
2026-08-15 19:00:00+03:00,16.6,19.4,22.2,19.0,5.8,20.7,7.2,8.3,19.6,12.5,21.6,24.3,19.5,14.4,19.1,12.7,19.4,15.2,14.583333333333336,14.816666666666668,3101.4901620370388,,
2026-08-15 20:00:00+03:00,14.5,21.6,20.9,19.9,7.9,19.5,11.1,9.4,18.8,12.9,16.6,23.2,19.2,13.3,18.9,13.1,18.4,15.1,15.116666666666665,14.533333333333331,3454.364087962962,,
2026-08-15 21:00:00+03:00,4.5,18.7,20.1,11.7,11.9,19.6,21.7,7.9,18.0,20.8,7.2,21.7,23.1,16.6,17.8,18.0,17.3,15.0,16.633333333333336,13.266666666666667,4601.9073703703725,,
2026-08-15 22:00:00+03:00,5.8,13.7,18.7,12.9,16.2,19.0,24.1,16.9,17.5,25.0,10.8,20.4,25.7,15.1,16.4,19.8,15.5,14.8,18.883333333333333,14.699999999999998,6733.42424537037,,
2026-08-15 23:00:00+03:00,7.6,11.5,17.7,25.7,18.7,18.5,28.7,21.6,16.6,22.1,11.2,19.6,27.5,15.8,15.5,18.4,15.5,14.4,21.666666666666668,15.716666666666667,10171.296296296297,,
2026-08-16 00:00:00+03:00,13.9,10.1,17.1,22.1,14.8,16.9,20.2,17.3,17.0,26.6,19.1,19.1,27.6,17.3,15.0,17.8,13.3,14.1,21.36666666666667,15.316666666666668,9754.619296296301,,
2026-08-16 01:00:00+03:00,7.6,11.2,16.8,22.8,5.4,15.8,17.3,19.1,16.8,27.4,23.4,18.5,27.9,16.6,14.5,14.6,13.7,13.8,19.599999999999998,14.9,7529.535999999997,,
2026-08-16 02:00:00+03:00,4.1,6.1,16.6,18.3,5.8,15.4,12.2,19.8,16.8,23.7,28.1,18.1,27.5,17.3,14.1,15.3,14.4,13.4,16.849999999999998,15.25,4784.094124999998,,
2026-08-16 03:00:00+03:00,7.3,7.6,16.3,16.2,6.1,15.1,23.7,13.0,16.2,29.2,21.2,17.8,23.7,17.3,13.6,17.6,14.8,13.4,19.61666666666667,13.333333333333334,7548.760337962967,,
2026-08-16 04:00:00+03:00,18.2,13.3,16.3,8.0,7.9,15.1,19.1,6.8,16.0,23.1,19.8,17.5,19.5,17.6,13.5,14.8,15.5,13.5,17.116666666666667,13.483333333333334,5014.84575462963,,
2026-08-16 05:00:00+03:00,26.4,15.8,16.3,16.7,11.9,15.3,20.2,5.0,15.4,25.1,25.2,17.0,14.2,19.1,13.4,14.5,15.1,13.8,19.51666666666667,15.35,7433.903754629632,,
2026-08-16 06:00:00+03:00,19.3,15.1,16.1,20.4,10.1,15.2,15.2,6.5,15.4,22.6,23.4,16.5,29.1,19.1,13.7,16.3,12.6,13.9,20.48333333333333,14.466666666666663,8594.1295787037,,
2026-08-16 07:00:00+03:00,22.4,15.1,16.1,17.1,6.8,15.2,7.7,7.2,15.9,19.9,20.5,16.7,29.9,22.3,14.2,15.1,14.8,14.3,18.683333333333334,14.449999999999998,6521.734078703704,,
2026-08-16 08:00:00+03:00,21.3,13.0,16.3,21.5,11.9,15.6,4.6,11.9,16.7,15.6,20.9,17.1,25.2,22.7,14.8,11.9,17.6,14.3,16.683333333333334,16.333333333333332,4643.532412037037,,
2026-08-16 09:00:00+03:00,16.9,16.6,16.4,18.8,10.8,15.6,2.5,14.4,17.1,11.3,20.5,17.8,23.3,24.8,15.2,11.6,15.1,14.4,14.066666666666665,17.033333333333335,2783.3869629629617,,
2026-08-16 10:00:00+03:00,14.5,19.1,17.4,17.4,11.2,15.8,4.8,12.6,17.3,9.0,23.0,18.3,21.9,27.4,15.7,10.7,14.8,14.6,13.049999999999999,18.01666666666667,2222.4476249999993,,
2026-08-16 11:00:00+03:00,9.3,19.8,18.4,15.2,12.2,15.9,8.0,12.2,17.4,10.4,21.2,19.4,22.5,28.4,17.0,9.6,14.8,15.0,12.5,18.1,1953.125,,
2026-08-16 12:00:00+03:00,15.0,16.6,19.1,14.1,13.7,17.0,8.7,13.0,17.6,12.9,19.1,20.0,20.0,28.4,18.6,9.6,16.2,14.7,13.383333333333331,17.833333333333332,2397.137162037036,,
2026-08-16 13:00:00+03:00,17.0,16.2,20.2,13.5,17.6,18.4,9.0,6.8,17.7,12.5,21.2,20.6,19.9,30.2,18.9,13.9,14.8,14.5,14.300000000000002,17.8,2924.2070000000017,,
2026-08-16 14:00:00+03:00,6.5,23.0,20.5,17.6,20.2,18.1,6.5,8.3,17.7,15.9,27.7,21.2,19.7,29.9,18.8,14.6,14.8,15.8,13.466666666666667,20.65,2442.194962962963,,
2026-08-16 15:00:00+03:00,14.9,26.3,19.6,19.0,20.2,19.0,3.4,11.5,17.3,10.5,25.2,20.9,22.6,28.4,18.6,11.2,15.1,17.0,13.600000000000001,21.116666666666664,2515.4560000000006,,
2026-08-16 16:00:00+03:00,19.3,29.2,18.2,17.3,25.2,18.8,9.4,13.7,16.8,12.9,20.9,20.9,23.4,24.8,17.8,10.7,22.7,17.0,15.5,22.75,3723.875,,
2026-08-16 17:00:00+03:00,19.3,34.6,17.0,18.0,26.3,18.9,13.3,11.5,16.9,6.2,22.7,21.0,21.2,22.3,17.3,11.5,20.5,16.8,14.916666666666666,22.983333333333334,3319.061921296296,,
2026-08-16 18:00:00+03:00,16.7,34.9,16.6,11.9,23.0,18.1,14.3,10.4,16.9,10.9,24.8,20.7,19.2,20.2,16.5,19.4,20.9,16.8,15.4,22.366666666666664,3652.264,,
2026-08-16 19:00:00+03:00,17.6,33.5,16.4,13.2,24.1,18.1,5.3,8.6,16.8,15.2,29.9,20.3,20.1,21.2,16.7,15.0,18.0,16.5,14.4,22.55,2985.9840000000004,,
2026-08-16 20:00:00+03:00,25.8,32.8,16.3,12.7,23.8,17.1,5.6,10.4,16.5,13.1,26.6,19.3,24.7,22.7,16.4,14.8,18.0,15.4,16.116666666666667,22.383333333333336,4186.254921296297,,
2026-08-16 21:00:00+03:00,25.4,42.1,15.8,19.1,25.2,15.9,16.9,10.8,16.5,17.2,28.8,18.1,26.1,22.3,16.3,16.0,10.1,15.4,20.116666666666664,23.216666666666665,8140.818254629626,,
2026-08-16 22:00:00+03:00,22.8,34.6,15.4,17.9,23.8,15.8,15.8,15.5,15.9,26.8,39.2,17.2,20.8,23.8,15.9,20.2,12.2,15.3,20.716666666666665,24.849999999999998,8891.184754629627,,
2026-08-16 23:00:00+03:00,24.7,32.0,15.1,20.8,35.6,15.2,17.8,15.8,15.5,27.7,41.0,17.1,22.1,25.2,15.8,16.3,18.0,15.3,21.566666666666666,27.933333333333334,10031.111962962963,,
2026-08-17 00:00:00+03:00,23.7,29.9,15.2,24.0,25.2,14.5,15.7,13.3,15.6,26.7,38.2,17.1,24.8,25.2,15.9,16.5,17.3,15.0,21.900000000000002,24.849999999999998,10503.459000000003,,
2026-08-17 01:00:00+03:00,25.0,22.7,15.2,23.1,28.1,14.4,9.2,15.1,15.6,29.9,41.4,16.7,24.4,27.0,15.9,15.2,20.9,14.6,21.133333333333333,25.866666666666664,9438.52237037037,,
2026-08-17 02:00:00+03:00,25.3,21.6,15.4,22.4,28.8,14.6,4.7,16.6,15.6,27.0,42.8,16.4,25.1,28.4,15.8,20.0,20.9,14.4,20.75,26.516666666666666,8934.171875,,
2026-08-17 03:00:00+03:00,25.2,27.0,15.3,21.9,30.6,14.5,10.2,22.0,15.4,25.8,36.7,16.3,23.2,26.6,15.8,21.7,15.8,14.0,21.333333333333332,26.450000000000003,9709.037037037035,,
2026-08-17 04:00:00+03:00,25.9,28.8,15.2,17.2,32.4,14.8,11.4,16.6,15.5,30.6,32.8,16.2,27.8,29.2,15.6,21.8,15.8,13.8,22.45,25.933333333333337,11314.856124999998,,
2026-08-17 05:00:00+03:00,31.0,31.3,14.8,19.9,29.5,14.8,8.6,10.4,15.3,32.5,34.6,15.7,29.4,28.8,15.3,21.4,13.0,13.6,23.8,24.600000000000005,13481.272,,
2026-08-17 06:00:00+03:00,31.8,32.8,14.7,21.4,24.8,14.6,7.1,14.8,15.4,33.5,38.9,15.4,25.2,26.6,15.1,21.3,14.8,13.3,23.383333333333336,25.45,12785.545495370376,,
2026-08-17 07:00:00+03:00,30.7,34.2,14.5,20.8,29.2,14.6,8.6,14.4,15.5,31.9,39.2,15.3,21.5,26.3,14.9,21.3,15.8,13.3,22.46666666666667,26.51666666666667,11340.074962962966,,
2026-08-17 08:00:00+03:00,29.8,33.8,14.6,23.5,30.6,14.8,11.8,14.4,15.6,29.5,38.5,15.8,17.3,27.0,15.3,18.9,18.7,13.5,21.799999999999997,27.166666666666668,10360.231999999996,,
2026-08-17 09:00:00+03:00,26.0,33.1,14.7,20.0,25.2,14.9,2.3,9.4,15.9,27.5,38.5,16.1,15.8,22.3,15.9,13.6,23.8,14.1,17.53333333333333,25.383333333333336,5390.058370370369,,
2026-08-17 10:00:00+03:00,26.5,33.1,15.0,16.9,29.9,14.6,5.2,10.1,16.0,28.0,39.6,16.3,17.4,23.4,15.9,12.8,24.1,14.1,17.8,26.7,5639.752,,
2026-08-17 11:00:00+03:00,29.8,32.0,15.6,20.3,32.8,14.1,8.8,11.2,16.4,28.1,39.2,16.9,18.1,22.7,15.2,14.8,24.1,15.3,19.98333333333333,27.0,7980.016662037034,,
2026-08-17 12:00:00+03:00,31.8,31.7,16.1,27.3,33.1,13.8,11.1,10.4,17.1,28.6,38.9,17.4,17.0,22.3,15.0,15.7,22.7,14.5,21.916666666666668,26.516666666666666,10527.457754629631,,
2026-08-17 13:00:00+03:00,28.1,32.0,16.6,29.4,31.7,13.7,14.3,8.3,17.0,28.4,38.9,17.7,17.1,24.8,15.2,15.3,21.2,15.0,22.099999999999998,26.150000000000002,10793.860999999997,,
2026-08-17 14:00:00+03:00,22.9,31.3,18.6,28.0,34.2,13.5,16.3,11.9,16.9,28.3,40.3,18.2,16.0,24.8,15.6,14.5,19.1,16.5,21.0,26.933333333333334,9261.0,,
2026-08-17 15:00:00+03:00,23.1,32.8,19.5,25.0,34.2,13.6,10.1,18.0,16.6,28.8,41.8,18.5,15.8,23.0,15.3,15.1,21.2,17.6,19.65,28.5,7587.307124999998,,
2026-08-17 16:00:00+03:00,24.6,33.1,19.8,27.2,31.3,13.5,8.0,16.2,16.7,29.7,40.3,18.9,15.9,20.9,14.9,15.5,21.2,18.2,20.150000000000002,27.166666666666668,8181.353375000002,,
2026-08-17 17:00:00+03:00,23.9,32.4,19.0,25.7,31.3,13.7,7.3,12.6,17.0,29.6,38.9,19.0,16.1,22.7,15.1,14.9,22.3,18.1,19.583333333333332,26.7,7510.344328703703,,
2026-08-17 18:00:00+03:00,23.7,31.3,18.8,28.0,30.6,14.0,6.5,11.2,16.6,27.6,37.4,18.8,14.7,23.0,14.8,16.4,26.6,17.5,19.483333333333334,26.683333333333334,7395.878745370372,,
2026-08-17 19:00:00+03:00,24.2,27.4,17.7,24.6,34.9,14.9,3.9,13.7,16.1,25.3,34.6,18.0,18.6,23.0,15.8,16.3,26.6,15.5,18.816666666666666,26.7,6662.359671296296,,
2026-08-17 20:00:00+03:00,26.4,27.4,17.4,21.1,35.3,14.4,5.0,15.5,15.8,25.2,30.6,17.4,12.6,23.0,15.7,17.5,26.3,15.0,17.966666666666665,26.349999999999998,5799.659962962962,,
2026-08-17 21:00:00+03:00,24.2,26.6,17.0,15.2,27.7,14.0,7.3,14.8,15.4,25.4,25.2,17.0,18.8,22.7,15.2,14.9,22.0,14.4,17.633333333333333,23.166666666666668,5482.810703703703,,
2026-08-17 22:00:00+03:00,24.5,23.4,16.7,16.7,23.8,13.3,1.9,16.2,15.0,24.3,21.2,15.6,19.1,20.5,14.7,12.3,15.1,13.6,16.466666666666665,20.033333333333335,4464.954962962962,,
2026-08-17 23:00:00+03:00,25.9,20.2,16.1,14.7,21.2,12.5,4.2,15.1,14.6,25.8,16.2,14.6,16.6,21.2,14.5,13.3,15.1,13.3,16.749999999999996,18.166666666666668,4699.421874999997,,
2026-08-18 00:00:00+03:00,27.3,23.4,15.5,12.1,13.0,12.7,2.8,12.6,14.6,26.7,16.6,14.3,15.6,18.7,14.2,12.9,15.8,12.9,16.23333333333333,16.683333333333334,4277.826037037035,,
2026-08-18 01:00:00+03:00,26.0,24.5,15.3,12.4,12.2,12.7,3.6,12.2,14.4,25.6,19.4,14.5,15.5,18.7,14.1,13.9,13.0,12.7,16.166666666666668,16.666666666666668,4225.3379629629635,,
2026-08-18 02:00:00+03:00,24.4,25.6,14.6,15.0,11.5,12.4,4.7,14.8,14.3,24.5,19.4,14.6,16.1,15.5,13.9,17.7,16.2,12.4,17.066666666666666,17.166666666666668,4971.026962962963,,
2026-08-18 03:00:00+03:00,24.9,25.2,14.0,18.0,13.0,12.5,7.7,15.5,14.2,22.9,16.9,14.2,10.8,15.1,13.9,15.2,16.9,12.0,16.583333333333332,17.099999999999998,4560.531828703703,,
2026-08-18 04:00:00+03:00,24.0,24.1,13.5,18.3,13.0,12.5,10.0,16.2,14.1,22.0,17.3,13.4,13.5,14.8,13.8,15.6,16.6,12.0,17.23333333333333,17.0,5118.089370370368,,
2026-08-18 05:00:00+03:00,22.7,24.5,13.2,17.6,10.8,12.3,10.0,15.8,14.1,20.3,14.0,12.9,14.7,14.0,13.8,17.1,16.2,12.1,17.066666666666666,15.883333333333333,4971.026962962963,,
2026-08-18 06:00:00+03:00,22.5,25.2,13.4,18.6,11.9,12.2,10.9,16.6,14.2,18.2,10.8,12.5,17.3,14.8,13.8,18.5,16.2,12.2,17.666666666666668,15.916666666666666,5513.962962962964,,
2026-08-18 07:00:00+03:00,22.3,24.1,13.8,17.8,12.6,12.3,11.0,15.8,14.3,17.7,10.8,12.3,14.0,16.2,13.8,18.0,20.5,12.2,16.8,16.666666666666668,4741.6320000000005,,
2026-08-18 08:00:00+03:00,22.1,23.4,14.0,19.8,13.0,12.7,11.0,15.5,14.7,16.2,15.1,13.7,13.3,16.2,14.2,15.7,22.3,12.5,16.35,17.583333333333332,4370.722875000001,,
2026-08-18 09:00:00+03:00,22.5,25.6,14.4,17.4,14.0,12.4,10.2,14.4,15.1,15.9,25.2,15.2,7.5,13.0,14.6,15.4,22.7,12.5,14.816666666666668,19.150000000000002,3252.756337962964,,
2026-08-18 10:00:00+03:00,21.4,25.6,14.9,14.2,15.8,12.8,8.7,15.8,15.2,17.3,28.4,16.7,3.6,13.3,14.7,18.1,23.4,12.7,13.883333333333331,20.38333333333333,2675.9700787037023,,
2026-08-18 11:00:00+03:00,20.2,25.6,15.2,16.0,16.2,12.7,8.6,15.8,15.3,16.8,29.2,17.3,5.2,13.0,14.9,19.5,23.0,12.0,14.383333333333335,20.466666666666665,2975.627995370371,,
2026-08-18 12:00:00+03:00,19.7,24.1,15.5,16.2,17.3,14.0,7.5,14.0,15.6,16.3,31.3,18.0,6.1,10.1,15.5,20.6,19.8,12.5,14.4,19.433333333333334,2985.9840000000004,,
2026-08-18 13:00:00+03:00,20.5,25.2,15.9,16.6,18.0,14.2,4.6,14.8,15.0,15.5,32.4,18.2,4.3,6.1,16.6,20.5,22.3,13.6,13.666666666666666,19.8,2552.629629629629,,
2026-08-18 14:00:00+03:00,22.8,26.3,15.6,16.4,18.0,13.6,1.7,16.2,15.8,14.2,32.4,18.5,2.5,6.8,17.4,23.3,28.1,15.0,13.483333333333334,21.3,2451.2737453703708,,
2026-08-18 15:00:00+03:00,22.9,26.3,15.8,15.5,15.5,15.8,6.5,17.3,15.5,11.9,31.3,18.9,5.0,14.4,17.4,22.2,30.6,16.2,14.0,22.566666666666666,2744.0,,
2026-08-18 16:00:00+03:00,21.8,25.6,16.0,13.7,15.5,15.4,9.3,15.5,15.9,13.6,31.3,19.1,16.3,16.2,16.2,21.3,28.4,14.6,16.0,22.083333333333332,4096.0,,
2026-08-18 17:00:00+03:00,19.5,25.6,16.2,12.1,15.8,16.0,6.1,11.5,15.9,14.6,29.2,18.6,11.5,17.6,16.6,22.4,25.2,13.3,14.366666666666667,20.81666666666667,2965.295962962963,,
2026-08-18 18:00:00+03:00,18.3,23.4,16.2,9.9,13.0,16.5,9.1,12.2,15.7,15.3,26.6,18.2,10.8,17.3,16.6,23.2,28.1,13.3,14.433333333333335,20.099999999999998,3006.768037037038,,
2026-08-18 19:00:00+03:00,18.8,24.8,16.1,8.1,12.2,16.3,12.0,10.8,15.3,13.2,26.3,17.2,8.5,16.6,16.6,23.0,19.8,13.1,13.933333333333332,18.416666666666664,2704.9863703703695,,
2026-08-18 20:00:00+03:00,19.5,24.5,15.9,7.3,10.8,16.0,11.4,8.3,15.0,11.0,24.5,16.3,3.0,13.3,15.8,24.1,14.0,12.8,12.716666666666669,15.899999999999999,2056.458087962964,,
2026-08-18 21:00:00+03:00,18.1,22.0,15.3,7.8,7.2,14.4,12.8,9.0,14.8,10.6,19.4,15.2,4.7,7.9,14.3,24.7,14.0,12.9,13.116666666666667,13.25,2256.6824212962965,,
2026-08-18 22:00:00+03:00,19.6,18.4,14.3,4.4,5.8,13.4,11.7,11.2,13.8,8.1,14.0,14.0,7.9,4.0,12.9,26.1,16.6,13.3,12.966666666666669,11.666666666666666,2180.143296296297,,
2026-08-18 23:00:00+03:00,20.6,20.2,13.3,1.7,2.9,12.7,12.0,10.1,12.8,7.6,7.9,12.8,10.0,5.0,11.8,26.8,16.9,13.1,13.116666666666667,10.499999999999998,2256.6824212962965,,
2026-08-19 00:00:00+03:00,20.1,20.5,12.9,3.6,4.0,10.9,9.5,8.6,11.9,8.7,6.8,11.8,9.3,5.0,10.9,26.1,16.6,13.0,12.883333333333335,10.25,2138.379245370371,,
2026-08-19 01:00:00+03:00,21.3,19.8,12.7,5.8,3.2,9.5,7.9,7.2,11.0,8.9,6.5,10.9,5.7,4.7,10.6,26.8,18.7,12.7,12.733333333333334,10.016666666666667,2064.5543703703706,,
2026-08-19 02:00:00+03:00,20.8,16.9,12.3,8.6,5.0,8.7,5.2,6.1,10.2,9.8,5.8,10.4,3.9,5.8,10.4,26.7,22.3,12.0,12.5,10.316666666666665,1953.125,,
2026-08-19 03:00:00+03:00,21.1,17.3,11.4,7.8,5.8,8.0,12.1,7.2,9.9,8.6,6.8,10.0,0.9,7.9,9.7,23.7,22.7,11.5,12.366666666666667,11.283333333333333,1891.2892962962965,,
2026-08-19 04:00:00+03:00,21.4,15.5,10.9,6.1,5.4,8.1,10.8,8.3,9.8,8.0,7.6,9.7,3.5,9.0,9.7,23.4,23.0,11.7,12.199999999999998,11.466666666666667,1815.8479999999988,,
2026-08-19 05:00:00+03:00,19.6,13.3,10.6,3.8,4.7,7.3,12.6,8.6,9.8,8.5,8.6,9.3,6.2,9.7,10.1,23.9,24.5,11.5,12.433333333333332,11.566666666666668,1922.0413703703696,,
2026-08-19 06:00:00+03:00,17.7,14.4,10.2,3.5,5.0,6.4,12.6,9.0,9.5,9.2,8.6,8.7,7.9,9.0,9.8,25.0,23.8,11.3,12.65,11.633333333333333,2024.2846250000002,,
2026-08-19 07:00:00+03:00,16.0,14.0,9.9,4.6,4.0,6.2,9.6,10.1,9.9,9.0,7.2,8.8,10.4,11.5,10.8,25.2,25.2,11.9,12.466666666666667,12.0,1937.5416296296296,,
2026-08-19 08:00:00+03:00,14.6,14.0,10.6,5.0,4.3,8.0,11.9,11.5,11.4,5.7,10.1,10.7,9.2,10.4,12.4,24.1,24.8,12.6,11.75,12.516666666666666,1622.234375,,
2026-08-19 09:00:00+03:00,15.9,14.8,11.9,4.8,6.8,11.0,8.0,13.7,12.8,5.4,11.2,12.8,8.1,12.6,13.7,21.1,24.8,12.9,10.55,13.983333333333334,1174.2413750000003,,
2026-08-19 10:00:00+03:00,9.2,16.6,14.4,3.7,9.7,14.1,5.7,16.2,14.6,5.5,15.1,14.9,9.8,14.8,14.1,25.2,25.9,13.5,9.85,16.383333333333336,955.671625,,
2026-08-19 11:00:00+03:00,7.7,17.3,15.8,5.1,14.0,15.6,9.3,17.6,16.3,6.6,18.4,16.5,11.4,16.6,14.4,23.7,28.1,14.1,10.633333333333333,18.666666666666668,1202.2873703703701,,
2026-08-19 12:00:00+03:00,5.9,19.1,16.4,5.8,14.0,17.3,11.3,17.6,16.9,8.5,18.7,16.6,13.6,16.2,14.6,24.7,29.5,14.6,11.633333333333333,19.183333333333334,1574.3907037037036,,
2026-08-19 13:00:00+03:00,8.3,17.6,16.5,7.0,15.8,17.8,12.3,15.5,18.0,12.5,20.5,17.5,9.1,13.3,15.0,24.7,33.8,15.1,12.316666666666668,19.416666666666668,1868.4417546296304,,
2026-08-19 14:00:00+03:00,11.6,24.8,16.8,6.7,16.2,18.1,14.2,17.6,18.2,13.9,27.0,17.7,7.8,15.5,15.3,23.7,34.2,15.5,12.983333333333333,22.55,2188.5608287037035,,
2026-08-19 15:00:00+03:00,7.2,23.0,17.3,14.9,17.3,18.4,11.0,20.2,18.1,13.8,27.4,17.8,11.9,16.6,15.3,20.7,26.6,15.9,13.25,21.849999999999998,2326.203125,,
2026-08-19 16:00:00+03:00,11.4,20.2,17.8,14.7,19.4,17.9,13.4,17.6,17.4,11.1,31.3,17.9,15.1,16.2,15.2,25.3,25.9,16.6,15.166666666666666,21.766666666666666,3488.754629629629,,
2026-08-19 17:00:00+03:00,12.3,24.1,18.6,13.5,23.0,16.8,15.5,18.4,15.9,11.6,31.3,18.9,15.9,15.8,15.1,24.9,28.8,16.1,15.616666666666665,23.566666666666666,3808.597004629629,,
2026-08-19 18:00:00+03:00,12.6,23.8,18.8,14.0,24.1,15.7,14.3,19.8,15.2,9.2,28.1,18.8,19.2,16.9,15.0,24.5,30.6,16.1,15.633333333333335,23.883333333333336,3820.804037037038,,
2026-08-19 19:00:00+03:00,13.7,21.6,17.4,4.7,20.9,15.2,11.2,19.8,15.2,9.4,27.0,18.2,20.4,16.2,14.4,25.4,33.5,15.9,14.133333333333333,23.166666666666668,2823.1490370370366,,
2026-08-19 20:00:00+03:00,11.7,20.2,17.0,9.4,20.2,14.4,11.7,19.8,14.5,7.5,21.6,17.6,21.7,19.4,14.1,28.2,32.4,15.6,15.033333333333333,22.26666666666667,3397.550037037037,,
2026-08-19 21:00:00+03:00,6.8,16.6,15.8,9.7,13.3,14.2,7.1,16.6,14.4,5.4,14.4,16.0,27.4,20.5,14.0,25.4,28.4,15.4,13.633333333333333,18.3,2533.99737037037,,
2026-08-19 22:00:00+03:00,4.4,10.1,14.4,9.6,5.4,12.8,9.4,11.9,14.2,9.7,8.3,14.3,26.7,21.6,13.9,30.1,27.4,14.9,14.983333333333334,14.116666666666667,3363.762495370371,,
2026-08-19 23:00:00+03:00,3.2,7.2,13.1,8.9,6.1,12.0,14.3,10.1,14.0,15.3,8.3,13.2,26.9,21.6,13.8,28.3,24.1,14.4,16.15,12.9,4212.283374999999,,
2026-08-20 00:00:00+03:00,1.9,5.4,12.0,13.0,6.5,11.0,23.2,8.6,14.1,15.7,8.3,12.1,25.5,21.6,13.7,26.9,22.0,14.1,17.7,12.066666666666668,5545.232999999999,,
2026-08-20 01:00:00+03:00,0.9,4.7,11.1,18.0,9.0,11.1,27.1,16.9,13.9,17.4,7.6,11.1,28.0,18.0,13.8,27.2,23.0,13.8,19.76666666666667,13.199999999999998,7723.253962962966,,
2026-08-20 02:00:00+03:00,5.6,5.8,10.6,20.0,10.8,11.1,31.7,21.2,13.7,16.8,8.3,10.4,28.0,14.4,13.8,25.5,24.1,13.7,21.266666666666666,14.1,9618.298962962961,,
2026-08-20 03:00:00+03:00,8.0,10.4,9.3,18.5,10.8,11.0,33.7,26.6,13.8,11.0,9.4,9.4,13.9,13.3,14.0,23.8,23.8,13.4,18.150000000000002,15.716666666666667,5979.018375000002,,
2026-08-20 04:00:00+03:00,10.4,8.6,9.2,20.2,11.5,10.7,36.9,38.5,13.7,9.1,9.7,8.4,9.6,12.6,14.0,26.1,23.0,13.3,18.716666666666665,17.316666666666666,6556.703087962961,,
2026-08-20 05:00:00+03:00,10.0,7.2,9.0,21.2,11.9,10.2,33.6,39.2,13.9,12.2,10.1,7.8,13.3,9.0,14.1,26.5,21.6,13.1,19.466666666666665,16.5,7376.914962962961,,
2026-08-20 06:00:00+03:00,13.3,9.7,8.3,21.1,12.2,9.6,33.4,46.4,13.2,17.1,10.4,7.6,13.1,6.8,14.1,26.1,22.7,13.0,20.683333333333334,18.033333333333335,8848.33574537037,,
2026-08-20 07:00:00+03:00,12.2,9.7,8.2,19.4,16.9,9.6,35.0,45.4,13.3,16.4,11.2,7.9,18.5,5.8,14.1,26.4,25.9,13.5,21.316666666666666,19.150000000000002,9686.29925462963,,
2026-08-20 08:00:00+03:00,10.8,10.4,9.3,18.5,17.6,10.6,36.4,36.4,13.5,14.8,12.6,9.7,21.4,6.1,13.7,25.4,28.4,13.8,21.21666666666667,18.583333333333332,9550.617671296299,,
2026-08-20 09:00:00+03:00,13.5,13.0,11.2,18.6,18.0,12.4,34.2,37.1,13.8,15.5,14.0,12.0,25.4,25.9,13.6,22.6,30.6,15.2,21.633333333333336,23.099999999999998,10124.42403703704,,
2026-08-20 10:00:00+03:00,8.3,15.1,13.8,11.7,22.0,14.4,34.2,41.8,14.1,7.9,14.0,14.3,27.0,27.4,13.0,24.4,32.4,15.8,18.916666666666668,25.450000000000003,6769.1452546296305,,
2026-08-20 11:00:00+03:00,5.3,15.1,15.3,11.7,24.5,15.8,34.7,44.3,14.0,5.5,21.2,16.8,29.7,30.2,12.8,23.4,32.4,16.1,18.383333333333336,27.950000000000003,6212.5913287037065,,
2026-08-20 12:00:00+03:00,6.3,13.0,16.6,15.1,24.1,16.7,33.8,44.3,14.0,8.7,22.7,17.6,35.1,38.5,12.6,25.3,31.3,16.6,20.716666666666665,28.983333333333338,8891.184754629627,,
2026-08-20 13:00:00+03:00,7.6,14.8,17.9,16.3,24.1,17.6,30.5,41.8,14.9,8.8,23.4,18.7,33.7,38.9,12.6,25.8,31.0,17.4,20.45,29.0,8552.241124999999,,
2026-08-20 14:00:00+03:00,9.7,17.6,18.8,17.6,24.5,18.2,27.1,40.3,15.4,8.2,23.0,19.5,28.1,36.7,12.9,23.0,29.2,18.2,18.950000000000003,28.55,6804.992375000003,,
2026-08-20 15:00:00+03:00,12.9,22.0,19.1,14.5,24.1,18.5,30.9,37.8,15.3,8.8,24.8,19.8,27.9,35.3,13.3,23.4,27.4,18.1,19.733333333333334,28.566666666666666,7684.247703703705,,
2026-08-20 16:00:00+03:00,12.6,25.9,18.8,15.0,24.5,19.0,29.3,37.8,15.8,8.5,24.5,19.1,27.5,33.1,13.5,19.7,27.4,18.3,18.76666666666667,28.866666666666664,6609.390629629633,,
2026-08-20 17:00:00+03:00,13.8,24.5,18.8,14.7,24.5,18.9,28.0,37.1,16.0,13.0,26.3,19.0,20.8,26.6,13.9,11.2,25.9,17.6,16.916666666666668,27.483333333333334,4841.103587962964,,
2026-08-20 18:00:00+03:00,15.6,26.3,18.9,14.8,19.8,19.1,25.0,34.6,15.7,10.3,24.8,18.9,20.0,23.0,14.5,8.3,19.8,17.4,15.666666666666666,24.71666666666667,3845.296296296296,,
2026-08-20 19:00:00+03:00,15.3,25.9,18.5,12.8,15.8,18.0,25.1,32.0,15.7,11.0,24.5,18.7,17.5,14.8,14.5,13.0,13.3,16.5,15.783333333333333,21.05,3931.843162037037,,
2026-08-20 20:00:00+03:00,15.7,22.3,17.5,13.1,11.2,17.1,24.8,30.6,15.2,13.8,23.8,18.4,14.8,11.2,14.1,18.4,15.1,16.4,16.766666666666666,19.03333333333333,4713.463962962962,,
2026-08-20 21:00:00+03:00,17.4,19.1,16.4,12.8,6.5,14.8,24.8,25.9,14.5,16.1,19.1,17.3,19.4,4.7,13.4,21.8,9.4,14.9,18.716666666666665,14.116666666666667,6556.703087962961,,
2026-08-20 22:00:00+03:00,17.8,15.8,15.4,13.9,5.0,12.2,25.2,22.7,13.6,14.0,12.6,16.3,23.3,5.0,12.4,24.1,16.6,14.0,19.71666666666667,12.950000000000001,7664.793921296298,,
2026-08-20 23:00:00+03:00,19.5,14.4,14.0,17.0,6.8,10.7,25.6,17.6,12.9,13.4,9.0,14.4,21.5,9.0,11.6,24.2,16.2,13.4,20.2,12.166666666666666,8242.408,,
2026-08-21 00:00:00+03:00,20.7,15.1,13.1,19.3,7.9,8.8,25.9,20.2,12.4,15.8,8.3,13.0,20.0,12.6,10.9,23.4,15.5,12.8,20.849999999999998,13.266666666666666,9063.964124999997,,
2026-08-21 01:00:00+03:00,20.1,14.8,12.5,19.3,8.6,7.8,26.5,24.1,12.9,15.7,8.3,11.7,19.8,12.6,10.2,23.4,16.2,12.5,20.8,14.1,8998.912,,
2026-08-21 02:00:00+03:00,20.3,12.6,11.7,19.1,11.2,7.5,26.4,28.8,12.9,14.0,6.8,10.9,20.0,11.5,9.5,23.0,15.5,12.0,20.46666666666667,14.399999999999999,8573.168296296299,,
2026-08-21 03:00:00+03:00,15.8,12.2,10.9,18.6,10.4,6.9,25.1,29.5,13.1,11.4,6.5,10.2,21.1,10.8,8.9,20.9,15.5,12.1,18.816666666666666,14.15,6662.359671296296,,
2026-08-21 04:00:00+03:00,18.1,11.9,10.3,20.9,12.6,7.2,25.5,24.1,12.1,11.4,6.8,9.4,21.3,10.8,8.3,20.8,16.9,11.7,19.666666666666668,13.85,7606.629629629631,,
2026-08-21 05:00:00+03:00,19.6,10.8,9.9,20.8,13.3,7.3,25.5,19.8,10.7,14.1,6.8,8.8,20.8,14.4,8.1,19.9,25.2,11.4,20.116666666666664,15.050000000000002,8140.818254629626,,
2026-08-21 06:00:00+03:00,20.3,12.6,9.9,21.1,13.0,7.0,25.0,15.8,9.6,16.5,8.6,8.5,21.9,14.0,7.5,19.9,24.5,11.4,20.783333333333335,14.75,8977.297328703706,,
2026-08-21 07:00:00+03:00,20.1,13.3,9.6,20.5,13.7,8.1,24.2,15.8,10.1,18.4,9.0,8.2,20.8,15.5,8.1,19.0,24.5,11.4,20.499999999999996,15.299999999999999,8615.124999999996,,
2026-08-21 08:00:00+03:00,21.9,13.0,10.4,21.9,16.2,10.2,21.7,19.1,11.5,20.2,9.4,10.3,21.4,19.4,10.1,17.8,23.0,11.8,20.816666666666666,16.683333333333334,9020.561337962963,,
2026-08-21 09:00:00+03:00,27.9,15.1,12.2,16.4,17.6,11.4,23.2,22.3,13.5,22.9,15.8,12.3,17.0,20.5,11.5,15.2,21.6,12.0,20.433333333333334,18.816666666666666,8531.348037037038,,
2026-08-21 10:00:00+03:00,19.8,17.3,14.6,12.3,18.0,13.0,24.0,26.3,15.2,14.9,19.4,15.3,15.9,22.0,13.1,12.7,19.8,12.4,16.6,20.466666666666665,4574.296000000001,,
2026-08-21 11:00:00+03:00,20.9,23.4,16.8,14.4,19.1,15.1,26.4,26.6,16.1,17.1,25.2,17.5,16.9,22.0,14.3,12.1,17.6,12.8,17.966666666666665,22.316666666666666,5799.659962962962,,
2026-08-21 12:00:00+03:00,22.8,25.6,18.4,16.2,21.2,18.9,26.7,30.6,17.1,18.7,29.2,19.3,20.0,24.1,15.9,11.3,18.4,13.4,19.283333333333335,24.850000000000005,7170.448578703706,,
2026-08-21 13:00:00+03:00,24.8,31.0,20.1,16.6,23.0,19.7,26.7,30.6,17.7,20.5,29.5,20.0,23.4,28.1,17.1,9.8,18.7,13.6,20.3,26.816666666666663,8365.427000000001,,
2026-08-21 14:00:00+03:00,22.0,34.9,20.8,17.9,23.0,20.1,25.1,35.3,18.0,14.4,37.8,20.7,24.0,32.0,17.9,10.5,16.9,14.1,18.983333333333334,29.983333333333334,6840.965828703705,,
2026-08-21 15:00:00+03:00,19.9,34.2,20.8,22.7,22.0,19.7,21.5,34.9,17.9,13.2,41.0,20.9,22.7,30.6,18.2,10.8,18.0,14.9,18.466666666666665,30.116666666666664,6297.461629629628,,
2026-08-21 16:00:00+03:00,19.5,34.9,20.8,3.6,21.2,20.4,17.9,34.6,18.0,18.1,33.8,21.2,21.2,30.2,18.4,11.6,19.8,15.6,15.316666666666665,29.083333333333332,3593.294254629628,,
2026-08-21 17:00:00+03:00,20.0,32.8,20.6,10.9,42.1,17.2,15.7,31.7,17.8,11.8,32.0,21.3,20.7,29.5,18.5,11.3,21.6,15.4,15.066666666666665,31.61666666666667,3420.2002962962947,,
2026-08-21 18:00:00+03:00,19.9,28.1,20.1,16.4,25.9,18.6,15.8,28.8,17.7,14.0,27.7,21.0,17.7,27.0,18.5,6.1,18.4,15.2,14.983333333333333,25.983333333333334,3363.76249537037,,
2026-08-21 19:00:00+03:00,19.4,26.6,19.8,15.0,23.8,16.7,15.4,23.4,17.4,19.8,23.4,19.7,17.8,25.6,18.4,4.6,17.6,15.0,15.33333333333333,23.400000000000002,3605.037037037035,,
2026-08-21 20:00:00+03:00,19.8,24.1,18.3,15.7,17.3,15.8,18.5,20.5,16.9,13.0,19.1,19.1,17.7,25.2,16.8,4.3,16.2,14.9,14.833333333333334,20.400000000000002,3263.745370370371,,
2026-08-21 21:00:00+03:00,20.6,19.4,17.3,15.7,14.4,14.6,15.1,19.1,15.9,16.0,15.8,18.5,16.6,13.3,14.3,5.6,13.3,14.5,14.933333333333332,15.883333333333333,3330.1997037037027,,
2026-08-21 22:00:00+03:00,21.8,15.8,16.2,19.7,11.2,12.7,13.8,14.0,14.4,14.5,12.6,17.8,18.2,7.9,12.7,6.2,9.7,13.6,15.700000000000001,11.866666666666667,3869.893000000001,,
2026-08-21 23:00:00+03:00,20.7,14.0,15.2,23.3,12.6,12.1,14.0,8.3,13.1,14.6,16.6,16.7,18.9,7.9,11.3,8.1,6.8,13.0,16.599999999999998,11.033333333333333,4574.2959999999985,,
2026-08-22 00:00:00+03:00,20.6,15.1,14.5,20.8,14.0,10.7,16.8,8.3,12.4,14.4,15.1,15.8,19.3,7.9,10.2,9.3,7.6,12.5,16.866666666666667,11.333333333333334,4798.304296296296,,
2026-08-22 01:00:00+03:00,22.3,14.8,13.8,18.8,14.8,10.3,18.2,10.4,11.8,13.7,15.1,15.6,20.1,7.2,9.1,9.8,7.9,12.4,17.15,11.700000000000001,5044.200874999999,,
2026-08-22 02:00:00+03:00,22.1,13.3,13.1,19.0,11.5,9.6,19.3,13.3,11.4,12.4,13.7,15.3,17.2,7.6,8.5,7.5,6.8,11.8,16.250000000000004,11.033333333333333,4291.015625000003,,
2026-08-22 03:00:00+03:00,18.4,13.7,12.4,15.3,12.2,8.9,20.2,13.7,11.2,12.3,10.4,14.5,13.9,15.1,8.4,8.0,5.0,11.1,14.683333333333335,11.683333333333332,3165.7307453703716,,
2026-08-22 04:00:00+03:00,16.5,13.7,11.7,15.6,10.4,8.1,20.6,11.2,10.6,9.0,11.5,13.7,12.6,10.4,8.2,6.9,6.8,11.0,13.533333333333333,10.666666666666666,2478.645037037037,,
2026-08-22 05:00:00+03:00,14.3,12.6,10.9,15.3,8.3,7.2,19.6,11.2,10.3,6.7,9.7,12.9,10.6,9.0,8.0,4.7,7.9,11.0,11.866666666666667,9.783333333333333,1671.03762962963,,
2026-08-22 06:00:00+03:00,13.7,11.9,10.3,15.6,7.9,6.2,18.2,10.8,10.7,8.3,12.2,12.0,8.5,6.5,7.3,4.7,6.1,10.3,11.5,9.233333333333333,1520.875,,
2026-08-22 07:00:00+03:00,15.3,11.9,10.4,14.8,8.3,7.3,19.1,10.4,11.0,12.4,11.5,11.4,8.6,5.8,8.2,4.6,4.7,10.9,12.466666666666667,8.766666666666667,1937.5416296296296,,
2026-08-22 08:00:00+03:00,12.5,9.4,11.3,13.3,12.6,10.1,19.3,9.7,12.3,10.3,13.3,11.9,9.0,6.8,10.5,2.8,6.1,12.1,11.200000000000001,9.65,1404.9280000000003,,
2026-08-22 09:00:00+03:00,12.2,9.7,13.1,8.3,13.0,11.1,14.0,14.0,13.4,10.5,15.5,13.0,6.5,6.8,12.1,3.5,7.6,13.0,9.166666666666666,11.1,770.2546296296294,,
2026-08-22 10:00:00+03:00,8.0,10.4,14.9,4.4,10.4,13.8,10.7,14.0,14.8,9.2,15.1,14.4,4.7,6.8,13.9,4.9,7.6,13.9,6.983333333333333,10.716666666666667,340.5558287037037,,
2026-08-22 11:00:00+03:00,1.6,15.1,16.5,3.2,12.6,17.8,9.1,13.3,15.7,8.8,15.5,15.2,4.7,10.4,15.5,3.8,9.0,15.2,5.2,12.65,140.608,,
2026-08-22 12:00:00+03:00,1.6,13.3,18.1,6.3,15.8,19.0,8.7,15.8,17.1,11.0,17.3,16.3,5.8,11.2,17.0,2.1,10.1,16.7,5.916666666666667,13.916666666666666,207.12442129629633,,
2026-08-22 13:00:00+03:00,4.3,16.2,19.1,2.9,15.1,19.8,8.7,15.1,18.2,11.8,20.2,17.6,6.0,10.8,18.3,3.7,12.6,17.0,6.233333333333334,14.999999999999998,242.1927037037038,,
2026-08-22 14:00:00+03:00,8.3,18.4,19.6,1.9,17.6,20.0,8.1,20.2,17.4,15.0,22.7,18.5,5.0,12.2,18.7,4.1,12.6,17.9,7.066666666666666,17.283333333333335,352.8936296296296,,
2026-08-22 15:00:00+03:00,11.4,19.8,20.7,7.2,21.6,21.1,5.2,22.7,16.8,13.4,24.5,19.4,2.5,10.4,19.1,1.2,11.5,18.6,6.816666666666667,18.416666666666668,316.7496712962964,,
2026-08-22 16:00:00+03:00,19.3,28.4,19.8,11.8,22.7,20.7,9.0,22.3,17.4,15.0,23.8,19.9,3.0,10.4,19.6,4.0,13.3,18.6,10.35,20.15,1108.7178749999998,,
2026-08-22 17:00:00+03:00,21.0,31.0,19.6,16.0,22.7,20.8,10.0,23.8,17.5,17.1,23.8,19.7,3.6,12.6,20.4,3.6,10.4,17.7,11.883333333333331,20.716666666666665,1678.088412037036,,
2026-08-22 18:00:00+03:00,20.7,31.7,19.0,17.9,32.0,19.0,10.3,23.4,17.2,17.2,24.1,19.5,5.0,14.8,19.3,5.8,9.7,16.9,12.816666666666665,22.616666666666664,2105.3546712962952,,
2026-08-22 19:00:00+03:00,20.7,29.9,17.8,20.1,29.5,18.4,10.1,24.1,17.1,16.0,22.0,19.2,8.8,21.2,17.5,4.3,7.9,14.9,13.333333333333334,22.433333333333334,2370.370370370371,,
2026-08-22 20:00:00+03:00,24.8,29.5,16.7,22.1,26.3,17.4,12.3,23.8,16.4,17.2,18.7,18.8,12.1,21.6,16.1,5.2,18.4,14.4,15.616666666666667,23.05,3808.59700462963,,
2026-08-22 21:00:00+03:00,28.1,27.7,15.9,21.9,21.2,15.9,17.2,20.9,15.2,27.6,21.6,18.2,18.4,14.4,15.3,6.5,5.0,13.9,19.950000000000003,18.46666666666667,7940.149875000004,,
2026-08-22 22:00:00+03:00,29.4,27.7,15.2,24.3,20.9,14.7,19.4,16.2,14.0,30.9,21.6,17.5,22.1,15.8,13.6,4.8,5.0,12.1,21.816666666666666,17.866666666666667,10384.012171296295,,
2026-08-22 23:00:00+03:00,29.6,29.5,14.8,23.0,17.3,13.6,21.0,16.6,13.1,28.4,23.0,17.1,22.6,13.7,12.2,3.4,4.7,11.0,21.333333333333332,17.46666666666667,9709.037037037035,,3580.0
2026-08-23 00:00:00+03:00,29.6,29.2,14.6,23.3,16.9,12.6,22.0,15.8,12.5,29.6,24.8,16.8,24.1,10.1,11.2,3.6,5.0,10.2,22.03333333333333,16.966666666666665,10696.473370370368,,3792.8
2026-08-23 01:00:00+03:00,30.8,30.2,14.5,24.9,16.9,12.2,22.8,15.8,12.1,30.0,27.4,16.6,24.4,16.2,11.5,9.0,4.7,10.2,23.650000000000002,18.53333333333333,13227.977125000003,,3810.8
2026-08-23 02:00:00+03:00,32.1,32.4,14.8,26.3,18.0,11.9,22.8,16.6,12.0,30.0,28.1,16.3,24.9,16.6,11.6,11.0,5.4,9.6,24.516666666666666,19.516666666666666,14736.157921296295,,3925.7
2026-08-23 03:00:00+03:00,31.4,33.5,14.9,27.7,17.3,11.2,22.8,15.8,11.7,32.6,32.0,16.1,26.0,15.5,11.2,13.8,7.9,8.7,25.71666666666667,20.333333333333332,17007.6389212963,,4075.6
2026-08-23 04:00:00+03:00,32.9,37.4,14.9,28.4,18.4,11.0,24.4,18.4,11.6,30.6,32.0,15.8,27.1,19.4,11.3,16.0,7.2,9.2,26.566666666666663,22.13333333333333,18750.428629629623,,4291.9
2026-08-23 05:00:00+03:00,35.4,39.6,14.7,28.5,19.1,11.2,26.3,19.4,11.8,32.9,33.1,15.6,28.9,21.6,11.5,14.8,6.1,8.6,27.8,23.149999999999995,21484.952,,4535.2
2026-08-23 06:00:00+03:00,36.1,40.0,14.5,28.4,18.0,10.9,26.1,19.1,12.0,33.1,34.9,15.1,28.8,22.7,11.5,14.5,6.8,8.2,27.833333333333332,23.583333333333332,21562.3287037037,,4622.2
2026-08-23 07:00:00+03:00,36.5,41.0,14.7,28.7,19.4,11.1,26.1,20.5,12.5,33.5,34.2,15.0,27.1,27.0,12.1,15.2,13.7,8.9,27.849999999999998,25.96666666666667,21601.086624999996,,4456.7
2026-08-23 08:00:00+03:00,35.6,41.0,15.2,31.8,23.8,12.1,25.0,22.3,13.0,33.5,34.2,15.2,23.8,28.1,12.9,14.5,16.6,9.4,27.36666666666667,27.666666666666668,20495.839296296304,,3793.4
2026-08-23 09:00:00+03:00,34.2,41.0,15.7,24.7,26.6,13.7,22.0,23.0,13.5,28.1,37.8,15.3,25.1,28.8,13.3,13.9,13.3,9.8,24.666666666666668,28.416666666666668,15008.2962962963,,3255.3
2026-08-23 10:00:00+03:00,33.2,41.4,16.7,23.1,31.0,16.0,24.0,27.4,14.5,30.7,38.9,16.7,24.9,29.9,14.4,14.6,18.7,11.1,25.083333333333332,31.21666666666667,15781.771412037035,,3321.1
2026-08-23 11:00:00+03:00,34.7,43.9,17.4,24.4,34.6,17.5,26.2,29.9,15.5,31.0,40.0,17.6,31.8,33.5,15.2,15.1,23.0,11.5,27.2,34.15,20123.647999999997,,3309.3
2026-08-23 12:00:00+03:00,37.0,45.0,17.4,25.8,36.0,18.5,28.1,35.3,17.2,32.2,42.1,18.8,29.6,37.8,16.0,20.8,22.7,12.7,28.91666666666667,36.48333333333333,24179.353587962974,,3525.6
2026-08-23 13:00:00+03:00,35.9,46.4,17.7,25.2,38.5,18.7,30.6,37.1,18.0,30.0,42.1,19.5,32.9,39.2,16.6,20.3,27.4,12.2,29.150000000000002,38.45,24769.410875000005,,3780.1
2026-08-23 14:00:00+03:00,35.7,49.0,17.9,25.5,38.5,18.6,32.8,37.4,18.6,31.2,41.0,20.5,29.9,38.9,16.5,21.3,28.8,11.7,29.400000000000002,38.93333333333334,25412.184000000005,,3895.1
2026-08-23 15:00:00+03:00,35.0,47.5,18.2,28.3,36.0,18.4,36.0,38.5,18.9,30.7,39.2,20.7,27.7,36.7,16.2,22.6,29.2,12.0,30.049999999999997,37.849999999999994,27135.225124999994,,4101.1
2026-08-23 16:00:00+03:00,36.4,47.9,18.4,22.9,38.5,17.6,35.9,40.0,18.2,31.6,41.4,21.0,33.2,34.2,16.0,22.4,28.1,12.3,30.400000000000002,38.35,28094.464000000007,,4143.3
2026-08-23 17:00:00+03:00,36.0,49.0,18.2,28.9,38.5,17.6,35.8,37.4,17.6,32.8,46.1,20.5,31.8,34.2,15.9,22.5,27.7,12.3,31.3,38.81666666666666,30664.297000000002,,4421.1
2026-08-23 18:00:00+03:00,35.1,47.5,18.1,24.9,37.4,17.4,36.0,39.2,16.4,25.2,45.4,19.7,30.3,36.0,15.8,21.3,24.1,11.7,28.8,38.266666666666666,23887.872000000003,,4055.9
2026-08-23 19:00:00+03:00,31.7,45.4,17.5,25.7,33.8,17.4,33.6,38.9,15.8,23.9,40.3,19.3,29.3,36.0,15.5,22.5,26.3,12.2,27.783333333333335,36.78333333333333,21446.33316203704,,3898.7
2026-08-23 20:00:00+03:00,32.3,42.1,16.9,23.8,31.3,16.1,34.6,38.5,15.5,23.4,36.0,18.5,25.9,33.1,14.6,20.5,26.6,12.0,26.75,34.6,19141.296875,,4151.0
2026-08-23 21:00:00+03:00,31.9,37.1,16.1,26.7,29.5,15.2,36.1,36.7,15.3,23.8,31.3,17.5,27.3,30.6,13.9,19.5,26.6,11.8,27.549999999999997,31.966666666666665,20910.518874999994,,4092.4
2026-08-23 22:00:00+03:00,31.0,32.0,15.2,28.5,27.7,14.0,36.8,34.9,14.9,24.3,30.2,16.2,28.4,30.6,13.6,22.1,24.5,11.5,28.516666666666666,29.983333333333334,23189.761254629626,,4177.8
2026-08-23 23:00:00+03:00,31.9,28.4,14.7,27.2,25.6,13.1,35.3,36.4,14.8,25.6,26.6,15.2,27.8,32.0,13.3,23.0,20.2,11.4,28.46666666666667,28.2,23067.994962962966,,4529.5
2026-08-24 00:00:00+03:00,31.0,27.7,14.1,25.6,23.0,12.9,34.5,35.6,14.7,27.9,27.0,14.5,27.2,30.6,13.1,22.9,18.4,11.2,28.183333333333334,27.05,22386.02949537037,,4294.1
2026-08-24 01:00:00+03:00,29.9,30.6,13.9,24.8,22.7,13.2,33.5,35.6,14.6,27.8,27.0,13.8,27.2,28.1,12.7,22.5,21.2,10.8,27.616666666666664,27.53333333333333,21062.68700462962,,4187.1
2026-08-24 02:00:00+03:00,29.8,27.7,13.8,25.1,20.2,13.3,31.9,34.6,14.4,28.0,24.5,13.4,27.6,30.6,12.6,21.3,20.2,10.0,27.283333333333335,26.299999999999997,20309.175245370374,,3952.0
2026-08-24 03:00:00+03:00,28.5,29.9,13.9,26.8,22.3,13.0,30.9,33.1,13.9,26.6,24.8,13.4,28.1,33.8,12.7,20.9,17.6,9.8,26.966666666666665,26.916666666666668,19610.18996296296,,3501.4
2026-08-24 04:00:00+03:00,28.2,29.9,14.1,25.7,21.6,12.6,31.2,32.0,13.4,26.7,24.8,13.2,29.3,32.4,12.5,21.2,19.4,9.0,27.049999999999997,26.683333333333334,19792.552624999993,,3486.0
2026-08-24 05:00:00+03:00,30.1,29.2,14.0,24.4,19.1,12.6,31.2,28.1,13.0,26.6,26.3,12.5,28.3,31.3,12.5,19.1,20.5,8.9,26.61666666666667,25.75,18856.496171296305,,3482.0
2026-08-24 06:00:00+03:00,31.0,34.6,14.0,24.5,21.6,12.2,31.7,27.7,12.8,27.7,26.3,12.1,28.3,31.7,12.2,20.3,19.8,8.5,27.250000000000004,26.950000000000003,20234.828125000007,,3603.2
2026-08-24 07:00:00+03:00,30.2,34.9,14.0,24.4,23.4,12.4,32.2,34.6,13.1,28.0,24.5,11.9,28.3,31.7,12.6,17.2,19.8,8.8,26.716666666666665,28.150000000000002,19069.829754629627,,3350.6
2026-08-24 08:00:00+03:00,29.9,36.0,14.3,22.5,29.5,13.2,29.8,34.9,13.5,26.7,26.6,12.8,29.1,31.3,13.2,13.7,21.2,9.8,25.28333333333333,29.916666666666668,16162.2935787037,,3193.2
2026-08-24 09:00:00+03:00,29.4,35.6,14.7,22.8,29.9,13.9,28.9,33.8,13.9,23.4,33.1,13.9,28.4,31.7,13.6,17.0,23.4,10.7,24.983333333333334,31.25,15593.770828703706,,3135.7
2026-08-24 10:00:00+03:00,28.9,35.3,15.1,23.4,32.4,14.2,28.6,31.7,14.2,22.5,35.6,15.2,27.7,32.8,13.8,17.2,24.5,12.1,24.716666666666665,32.050000000000004,15099.74808796296,,2840.2
2026-08-24 11:00:00+03:00,30.9,36.4,15.4,25.8,32.8,14.4,29.8,36.4,14.6,25.6,36.7,16.4,27.7,33.5,14.0,17.8,24.5,13.2,26.266666666666666,33.38333333333333,18122.36562962963,,2799.9
2026-08-24 12:00:00+03:00,30.4,36.4,16.2,27.9,34.2,15.1,29.9,38.5,14.7,22.2,37.8,17.4,28.1,32.8,14.6,16.9,24.1,14.2,25.900000000000002,33.96666666666666,17373.979000000003,,2878.0
2026-08-24 13:00:00+03:00,30.2,37.4,16.3,26.9,36.4,15.5,28.7,37.8,15.3,19.7,37.1,18.2,28.0,29.5,14.6,16.3,24.5,14.2,24.96666666666667,33.78333333333333,15562.5832962963,,2631.4
2026-08-24 14:00:00+03:00,30.3,37.4,16.3,26.7,37.8,16.1,29.1,36.7,15.7,24.9,35.6,18.2,27.2,31.0,15.0,17.1,25.2,14.5,25.88333333333333,33.949999999999996,17340.460078703694,,2655.8
2026-08-24 15:00:00+03:00,30.4,35.3,17.0,27.4,40.0,15.9,31.0,43.2,16.0,29.0,42.1,18.3,28.3,31.0,15.6,16.8,24.5,15.1,27.150000000000002,36.016666666666666,20012.875875000005,,2870.7
2026-08-24 16:00:00+03:00,28.9,35.3,17.3,28.4,39.2,15.7,29.6,43.2,16.5,28.4,43.9,18.7,26.5,28.4,16.0,18.4,24.1,15.1,26.700000000000003,35.68333333333333,19034.163000000008,,3066.8
2026-08-24 17:00:00+03:00,24.6,35.3,17.5,27.7,37.4,15.4,29.5,41.0,16.5,27.5,43.6,18.8,25.6,29.9,16.1,18.7,22.0,14.7,25.599999999999998,34.86666666666667,16777.215999999997,,2928.5
2026-08-24 18:00:00+03:00,19.3,33.1,17.3,24.1,35.6,15.1,28.0,38.2,16.7,25.9,43.6,18.3,24.0,29.9,15.5,17.3,18.0,15.0,23.100000000000005,33.06666666666667,12326.391000000009,,2641.5
2026-08-24 19:00:00+03:00,16.6,28.1,16.7,19.7,31.7,14.9,24.6,34.2,16.3,25.8,40.7,17.8,25.1,27.0,15.0,14.7,18.0,14.7,21.083333333333336,29.95,9371.688078703706,,2374.8
2026-08-24 20:00:00+03:00,14.3,24.5,15.9,18.4,28.4,14.2,22.1,29.9,15.7,24.2,32.8,17.2,24.3,25.9,14.3,10.7,14.0,13.3,19.0,25.916666666666668,6859.0,,2134.8
2026-08-24 21:00:00+03:00,12.2,19.4,15.4,23.1,24.1,12.8,18.6,28.1,14.6,27.8,29.9,15.7,26.0,23.0,13.5,8.4,7.2,11.2,19.35,21.95,7245.075375000001,,2079.1
2026-08-24 22:00:00+03:00,12.1,14.4,14.9,25.3,14.8,11.2,11.8,23.4,14.1,26.7,20.2,14.7,26.3,18.0,12.4,9.3,7.2,9.9,18.583333333333332,16.333333333333332,6417.5734953703695,,2126.5
2026-08-24 23:00:00+03:00,10.2,14.0,14.7,23.0,10.4,10.2,10.8,19.1,13.3,24.4,19.8,14.1,25.3,21.6,12.3,7.7,7.2,9.7,16.900000000000002,15.350000000000001,4826.809000000002,,2044.9
2026-08-25 00:00:00+03:00,8.9,12.6,14.3,20.2,11.2,9.5,14.9,9.4,11.8,23.5,17.3,13.3,23.1,19.4,11.0,8.0,7.2,7.7,16.433333333333334,12.850000000000001,4437.894703703704,,1823.7
2026-08-25 01:00:00+03:00,8.3,15.8,13.9,17.9,9.0,9.1,17.1,6.8,11.0,22.2,16.2,12.7,22.4,18.0,9.8,13.0,5.8,6.7,16.816666666666666,11.933333333333332,4755.75800462963,,1765.2
2026-08-25 02:00:00+03:00,7.9,15.8,13.6,17.9,7.9,8.2,17.1,10.4,11.3,21.7,16.9,12.7,21.4,17.6,8.4,12.8,5.4,5.8,16.466666666666665,12.333333333333334,4464.954962962962,,1609.2
2026-08-25 03:00:00+03:00,11.2,13.0,12.9,10.9,3.2,7.3,14.2,13.7,11.1,20.7,16.6,12.7,19.8,15.8,7.9,9.4,5.0,5.3,14.366666666666667,11.216666666666667,2965.295962962963,,1456.0
2026-08-25 04:00:00+03:00,15.5,10.4,11.8,13.6,3.6,7.2,16.0,16.9,11.0,18.7,15.8,12.0,19.8,14.0,7.4,14.4,3.6,6.0,16.333333333333332,10.716666666666667,4357.3703703703695,,1243.9
2026-08-25 05:00:00+03:00,16.8,11.9,11.6,13.5,5.0,7.3,13.2,17.3,11.0,16.0,14.0,11.3,19.4,12.6,6.6,18.1,4.7,6.7,16.166666666666668,10.916666666666666,4225.3379629629635,,1114.3
2026-08-25 06:00:00+03:00,17.9,18.0,11.5,13.2,5.4,7.7,8.9,10.8,9.4,13.5,10.4,10.9,17.9,11.9,5.2,18.5,4.7,6.7,14.983333333333334,10.200000000000001,3363.762495370371,,1122.9
2026-08-25 07:00:00+03:00,19.0,16.6,11.7,15.1,5.0,8.2,9.7,7.9,8.9,12.1,8.6,10.7,16.7,9.7,5.9,18.6,4.7,7.6,15.199999999999998,8.75,3511.807999999998,,1084.9
2026-08-25 08:00:00+03:00,18.1,15.1,13.1,16.2,6.1,10.4,9.2,8.6,10.6,10.3,6.8,11.7,12.6,14.0,9.2,20.9,6.8,9.3,14.549999999999997,9.566666666666665,3080.271374999998,,779.4
2026-08-25 09:00:00+03:00,13.7,19.4,14.3,15.6,7.2,12.6,5.3,9.7,13.1,7.7,9.4,12.9,12.5,14.8,10.9,10.8,11.5,12.3,10.933333333333332,12.0,1306.9463703703698,,479.0
2026-08-25 10:00:00+03:00,14.5,23.4,15.4,9.5,15.8,16.2,3.8,11.5,15.3,2.0,11.9,14.8,13.6,15.1,12.1,11.0,18.4,14.4,9.066666666666666,16.016666666666666,745.3202962962962,,315.0
2026-08-25 11:00:00+03:00,13.7,22.7,16.3,8.3,19.4,16.8,5.1,13.7,17.2,3.7,11.9,16.3,14.4,17.6,13.4,12.0,21.6,15.8,9.533333333333333,17.816666666666666,866.4317037037036,,279.7
2026-08-25 12:00:00+03:00,12.5,23.4,17.2,9.2,20.5,18.6,11.2,21.2,18.2,9.0,18.0,17.6,15.0,22.7,14.7,12.9,22.7,18.0,11.633333333333333,21.416666666666668,1574.3907037037036,,396.7
2026-08-25 13:00:00+03:00,11.7,24.8,17.7,10.7,22.3,19.4,15.8,24.8,18.1,13.6,28.8,18.4,14.6,24.1,16.5,14.8,24.8,17.2,13.533333333333333,24.933333333333337,2478.645037037037,,569.9
2026-08-25 14:00:00+03:00,12.4,25.6,18.2,11.7,27.7,19.8,15.6,23.4,17.8,14.9,29.5,19.0,16.2,24.8,17.3,15.6,25.2,17.8,14.399999999999999,26.03333333333333,2985.983999999999,,682.0
2026-08-25 15:00:00+03:00,12.2,24.8,19.1,16.7,30.6,19.3,13.3,25.6,17.0,15.0,33.8,19.6,18.2,24.8,18.2,16.1,24.8,17.1,15.25,27.400000000000002,3546.578125,,754.2
2026-08-25 16:00:00+03:00,13.1,25.6,19.5,18.1,31.3,18.8,15.6,25.2,17.1,16.5,34.6,19.6,19.9,25.2,18.6,18.3,23.8,17.2,16.916666666666668,27.61666666666667,4841.103587962964,,882.4
2026-08-25 17:00:00+03:00,12.6,25.6,19.4,21.1,30.6,18.4,15.7,24.1,17.3,16.4,33.8,19.4,15.8,24.5,18.4,16.8,22.0,17.1,16.400000000000002,26.76666666666667,4410.944000000001,,827.9
2026-08-25 18:00:00+03:00,9.4,20.5,19.2,20.2,28.4,17.8,16.6,21.6,17.5,16.5,33.8,18.6,12.7,23.8,18.6,15.0,23.4,17.3,15.066666666666668,25.25,3420.2002962962974,,822.9
2026-08-25 19:00:00+03:00,9.8,21.2,18.2,16.3,25.9,17.1,18.9,19.8,17.5,16.2,32.4,17.9,14.2,19.8,18.3,14.9,23.0,16.8,15.050000000000002,23.683333333333326,3408.8626250000016,,847.7
2026-08-25 20:00:00+03:00,13.6,18.7,18.5,16.1,22.3,15.8,20.9,18.7,16.4,17.8,28.8,17.0,19.7,19.4,17.5,16.9,19.4,15.8,17.5,21.21666666666667,5359.375,,1017.8
2026-08-25 21:00:00+03:00,14.6,16.2,17.2,17.7,13.3,13.5,22.1,15.8,15.3,21.0,24.8,15.8,22.2,18.0,16.4,13.2,14.0,14.7,18.46666666666667,17.016666666666666,6297.461629629632,,1327.2
2026-08-25 22:00:00+03:00,14.9,13.7,16.1,18.6,7.6,11.6,23.5,12.6,14.7,20.0,20.5,14.8,21.8,13.7,15.7,16.5,12.6,13.8,19.216666666666665,13.449999999999998,7096.3360046296275,,1543.1
2026-08-25 23:00:00+03:00,13.0,11.2,14.8,17.6,6.8,10.1,21.3,12.6,14.0,18.8,15.8,13.5,19.5,14.4,14.6,18.9,12.6,13.5,18.183333333333334,12.233333333333334,6012.021162037037,,1825.6
2026-08-26 00:00:00+03:00,12.0,7.6,14.0,16.4,7.6,9.1,18.7,11.5,13.2,16.7,13.7,13.1,18.1,14.0,13.7,18.6,21.6,13.0,16.75,12.666666666666666,4699.421875,,1892.0
2026-08-26 01:00:00+03:00,14.0,10.8,14.0,15.2,6.1,8.1,17.3,11.2,13.0,16.9,12.2,12.4,17.8,13.0,13.0,17.3,22.0,12.3,16.416666666666668,12.549999999999999,4424.405671296297,,1808.7
2026-08-26 02:00:00+03:00,17.2,14.8,13.1,15.1,5.8,7.5,17.4,11.5,12.7,16.0,11.9,11.2,16.5,8.3,11.6,18.4,19.8,11.1,16.766666666666666,12.016666666666666,4713.463962962962,,1593.2
2026-08-26 03:00:00+03:00,12.8,13.7,12.8,12.2,6.1,6.8,13.6,11.2,11.5,11.6,9.7,10.5,15.6,7.6,11.3,20.5,17.6,10.2,14.383333333333333,10.983333333333334,2975.62799537037,,1539.9
2026-08-26 04:00:00+03:00,15.2,13.3,12.6,12.5,5.4,6.5,15.3,8.3,10.6,8.1,5.4,10.0,17.1,8.3,11.3,21.9,19.4,9.1,15.016666666666666,10.016666666666667,3386.262504629629,,1462.6
2026-08-26 05:00:00+03:00,17.4,12.6,12.5,10.4,5.8,6.3,19.6,9.7,10.1,5.7,5.8,9.4,17.7,9.0,10.6,22.6,21.2,8.9,15.566666666666668,10.683333333333332,3772.1319629629643,,1549.1
2026-08-26 06:00:00+03:00,17.8,13.0,12.0,7.4,5.4,5.0,18.9,23.0,11.3,3.7,4.7,9.3,17.6,10.1,9.9,25.6,21.2,9.2,15.166666666666666,12.9,3488.754629629629,,1539.4
2026-08-26 07:00:00+03:00,18.0,13.7,12.1,6.2,5.0,5.4,17.3,22.3,12.5,3.1,7.2,8.9,17.8,11.5,10.4,22.3,27.0,9.8,14.116666666666667,14.450000000000001,2813.17325462963,,1406.0
2026-08-26 08:00:00+03:00,16.9,15.1,13.3,7.3,5.0,7.2,18.6,20.9,13.8,3.8,7.2,10.1,14.2,16.9,13.0,27.0,34.6,9.8,14.633333333333333,16.616666666666664,3133.5007037037035,,1203.0
2026-08-26 09:00:00+03:00,11.7,17.6,14.8,7.1,5.4,10.3,18.4,22.3,15.0,5.9,7.2,12.2,15.3,20.5,13.6,25.5,40.7,9.3,13.983333333333333,18.95,2734.2116620370366,,633.3
2026-08-26 10:00:00+03:00,11.2,19.8,16.0,4.7,11.2,13.4,19.9,27.0,15.7,4.2,8.6,14.8,15.7,23.0,14.7,22.2,37.1,9.4,12.983333333333334,21.116666666666664,2188.5608287037044,,354.1
2026-08-26 11:00:00+03:00,11.9,20.2,17.1,5.6,14.0,15.2,18.7,28.1,16.3,4.8,9.4,17.5,16.8,25.9,15.7,20.2,33.1,10.7,13.0,21.78333333333333,2197.0,,360.1
2026-08-26 12:00:00+03:00,11.7,21.6,18.1,8.3,16.6,18.2,21.3,28.8,16.5,5.8,15.1,19.2,18.6,27.0,16.9,18.4,31.3,11.4,14.016666666666666,23.400000000000002,2753.8116712962956,,511.7
2026-08-26 13:00:00+03:00,11.9,24.1,18.8,8.9,19.1,19.7,22.1,31.3,16.2,6.4,18.0,20.4,18.2,28.4,18.1,14.9,30.2,11.9,13.733333333333334,25.183333333333334,2590.1677037037043,,702.1
2026-08-26 14:00:00+03:00,12.3,25.6,19.5,10.9,22.3,20.2,22.7,33.8,16.7,7.8,20.9,21.6,16.5,28.1,18.2,13.8,29.2,12.3,14.0,26.649999999999995,2744.0,,767.0
2026-08-26 15:00:00+03:00,14.4,27.0,19.8,16.6,25.2,20.4,21.7,36.0,16.9,12.8,30.2,21.9,16.6,28.4,18.7,13.8,28.4,12.6,15.983333333333333,29.200000000000003,4083.213328703703,,814.3
2026-08-26 16:00:00+03:00,14.6,26.6,20.0,18.5,30.6,20.0,22.6,36.0,17.0,17.1,31.3,22.1,17.7,27.7,18.9,12.8,26.3,12.8,17.21666666666667,29.75,5103.254337962964,,822.8
2026-08-26 17:00:00+03:00,13.9,25.6,19.8,18.4,31.3,19.2,23.8,34.9,17.0,16.2,31.7,22.1,18.5,26.3,17.7,17.0,24.8,13.1,17.966666666666665,29.100000000000005,5799.659962962962,,895.9
2026-08-26 18:00:00+03:00,14.4,24.5,19.1,16.7,29.5,18.5,24.3,34.6,17.1,12.9,30.2,21.4,18.2,24.8,18.0,17.8,24.8,12.8,17.383333333333336,28.066666666666666,5252.900495370373,,868.6
2026-08-26 19:00:00+03:00,15.1,23.8,18.6,15.9,26.6,17.1,22.7,31.7,16.9,14.1,26.6,20.5,20.2,22.3,17.6,15.0,23.4,12.4,17.166666666666668,25.733333333333338,5058.921296296297,,933.7
2026-08-26 20:00:00+03:00,18.8,22.0,17.5,18.9,22.0,15.6,20.5,29.9,16.3,15.7,23.0,19.7,21.9,19.8,17.0,12.4,22.0,11.5,18.033333333333335,23.116666666666664,5864.460037037039,,1036.4
2026-08-26 21:00:00+03:00,24.2,20.5,16.4,19.9,14.0,13.2,15.7,24.1,14.9,19.5,17.6,18.4,23.2,15.5,15.3,7.9,13.7,8.7,18.400000000000002,17.566666666666666,6229.504000000002,,1257.7
2026-08-26 22:00:00+03:00,22.9,19.1,15.4,18.9,9.7,11.0,13.6,14.8,13.3,19.1,11.2,16.7,22.5,14.4,13.1,6.2,5.0,6.3,17.2,12.366666666666667,5088.447999999999,,1550.5
2026-08-26 23:00:00+03:00,21.8,16.6,14.3,17.8,7.9,9.4,10.8,10.1,11.7,18.0,8.6,14.7,22.3,15.5,11.6,6.8,4.7,4.4,16.25,10.566666666666668,4291.015625,,1487.7
2026-08-27 00:00:00+03:00,20.2,15.1,13.5,17.6,4.7,7.4,8.5,6.5,10.6,15.7,6.8,13.6,19.5,14.8,10.2,10.1,5.0,3.1,15.266666666666666,8.816666666666668,3558.2189629629625,,1559.9
2026-08-27 01:00:00+03:00,16.8,14.8,12.9,16.5,2.2,6.4,9.9,6.5,9.9,11.3,6.8,13.1,16.9,12.2,8.8,13.2,5.0,2.6,14.100000000000001,7.916666666666667,2803.221000000001,,1364.5
2026-08-27 02:00:00+03:00,13.7,13.3,12.2,15.9,3.2,5.7,9.5,7.2,9.4,7.1,5.8,12.5,16.3,10.4,8.0,13.2,4.0,1.9,12.616666666666667,7.316666666666666,2008.32450462963,,1196.6
2026-08-27 03:00:00+03:00,16.5,14.4,11.3,16.8,2.9,4.4,11.2,7.9,9.5,13.6,7.2,11.4,13.6,9.7,6.7,7.6,4.0,1.8,13.216666666666667,7.6833333333333345,2308.69100462963,,923.2
2026-08-27 04:00:00+03:00,17.6,14.0,10.8,16.0,2.2,4.1,8.6,7.6,10.0,14.7,6.1,10.7,13.4,10.1,5.8,6.8,3.6,1.7,12.850000000000001,7.266666666666667,2121.8241250000005,,620.5
2026-08-27 05:00:00+03:00,17.7,14.8,10.4,14.8,3.6,3.7,6.3,8.3,10.3,12.9,5.8,10.2,13.1,9.4,5.1,7.2,3.6,1.5,12.0,7.583333333333333,1728.0,,409.7
2026-08-27 06:00:00+03:00,17.2,13.7,10.1,15.4,3.6,3.3,7.2,9.4,10.3,10.4,6.1,9.7,12.6,8.3,4.4,7.4,3.6,1.5,11.700000000000001,7.450000000000002,1601.6130000000005,,345.9
2026-08-27 07:00:00+03:00,17.5,15.8,10.3,16.8,5.8,4.3,9.6,12.6,10.5,7.9,6.1,9.4,12.0,7.2,4.9,8.7,3.2,2.9,12.083333333333334,8.450000000000001,1764.250578703704,,310.5
2026-08-27 08:00:00+03:00,18.4,16.2,11.0,17.1,6.1,8.3,10.4,13.0,11.3,5.5,7.2,10.7,9.0,11.9,8.2,7.5,3.6,3.9,11.316666666666668,9.666666666666666,1449.2909212962968,,401.5
2026-08-27 09:00:00+03:00,18.9,15.1,12.1,15.9,5.8,10.7,11.8,10.4,12.5,2.7,7.2,12.8,7.3,14.0,9.9,3.6,7.6,5.6,10.033333333333333,10.016666666666667,1010.0333703703703,,130.8
2026-08-27 10:00:00+03:00,16.3,13.7,13.9,13.2,10.4,14.5,8.4,14.8,14.2,0.9,7.2,15.9,8.2,19.1,11.8,3.6,10.4,7.1,8.433333333333334,12.600000000000003,599.788037037037,,92.6
2026-08-27 11:00:00+03:00,9.9,17.6,16.0,7.9,16.6,16.5,5.8,15.1,15.7,0.3,9.4,17.5,10.8,20.9,13.1,3.6,12.6,8.9,6.383333333333334,15.366666666666665,260.10132870370376,,71.0
2026-08-27 12:00:00+03:00,11.6,21.6,17.5,9.1,19.4,17.8,5.8,17.3,17.0,1.8,16.2,20.0,9.5,20.9,13.5,3.6,13.3,10.6,6.8999999999999995,18.116666666666667,328.5089999999999,,79.7
2026-08-27 13:00:00+03:00,12.3,21.6,18.8,8.2,21.6,18.4,4.9,18.0,18.3,4.2,18.0,21.1,7.8,20.5,14.7,2.9,13.7,11.9,6.716666666666666,18.900000000000002,303.01308796296286,,76.9
2026-08-27 14:00:00+03:00,11.4,20.5,20.5,7.4,22.3,18.9,5.4,18.4,19.1,7.4,22.7,21.9,6.8,19.4,15.2,2.9,13.7,13.3,6.883333333333333,19.499999999999996,326.1342453703703,,95.6
2026-08-27 15:00:00+03:00,12.0,18.0,20.7,7.7,22.0,19.5,8.7,19.4,19.1,10.8,28.4,22.1,6.2,18.0,16.2,3.5,13.3,14.6,8.15,19.849999999999998,541.343375,,118.0
2026-08-27 16:00:00+03:00,11.3,16.6,21.1,8.0,21.2,19.8,11.1,19.4,18.8,11.5,28.4,22.1,5.4,17.3,16.5,3.2,13.7,14.9,8.416666666666666,19.433333333333334,596.2390046296294,,118.5
2026-08-27 17:00:00+03:00,11.2,14.8,21.4,8.3,20.2,19.6,9.4,16.2,19.2,11.0,26.6,21.9,5.5,16.9,16.2,4.7,13.7,14.7,8.35,18.06666666666667,582.182875,,138.3
2026-08-27 18:00:00+03:00,11.4,12.6,20.8,9.3,18.4,19.7,7.0,13.3,19.1,9.4,23.4,21.5,4.9,15.8,16.5,4.9,13.3,14.1,7.816666666666666,16.13333333333333,477.6005046296296,,133.7
2026-08-27 19:00:00+03:00,13.2,12.2,20.5,13.7,16.2,18.8,7.6,10.8,18.7,9.2,19.8,20.1,5.9,14.4,16.3,7.0,13.0,13.3,9.433333333333334,14.4,839.4513703703705,,215.4
2026-08-27 20:00:00+03:00,17.5,16.6,19.8,20.2,13.0,17.0,8.3,10.1,17.1,7.5,16.9,18.7,9.2,10.4,14.0,10.9,9.0,12.5,12.266666666666667,12.666666666666666,1845.7789629629633,,391.7
2026-08-27 21:00:00+03:00,19.9,15.5,18.0,20.6,10.8,13.7,11.3,7.2,14.9,7.0,12.6,17.4,8.8,4.3,10.8,8.2,5.4,10.6,12.633333333333333,9.299999999999999,2016.2940370370368,,651.9
2026-08-27 22:00:00+03:00,21.0,16.9,16.4,23.3,12.2,11.6,14.8,13.7,13.2,4.7,8.6,15.6,8.7,4.0,9.3,9.4,5.4,9.2,13.65,10.133333333333333,2543.302125,,924.6
2026-08-27 23:00:00+03:00,23.1,17.3,15.1,22.1,12.2,9.9,18.6,16.2,12.0,3.2,6.5,14.3,6.6,4.3,7.5,10.7,4.7,9.3,14.049999999999999,10.200000000000001,2773.505124999999,,1128.6
2026-08-28 00:00:00+03:00,24.2,21.6,14.5,22.6,12.2,8.4,22.5,18.4,11.3,0.3,5.0,13.9,3.7,5.8,7.0,12.3,10.4,9.5,14.266666666666666,12.233333333333333,2903.805629629629,,1379.6
2026-08-28 01:00:00+03:00,24.4,22.0,13.9,23.5,13.0,7.6,24.3,19.4,10.9,1.7,4.3,12.9,2.7,6.1,6.1,14.6,10.1,8.1,15.200000000000001,12.483333333333333,3511.808000000001,,1640.4
2026-08-28 02:00:00+03:00,22.7,21.2,13.4,23.7,13.3,7.3,26.0,21.2,10.5,9.1,4.7,12.1,3.3,6.1,5.7,16.4,7.2,6.7,16.866666666666664,12.283333333333333,4798.304296296294,,1837.4
2026-08-28 03:00:00+03:00,23.6,20.2,12.4,25.8,14.8,7.7,29.3,22.3,9.9,14.3,7.2,11.4,6.2,6.8,5.4,17.8,6.8,5.7,19.5,13.016666666666666,7414.875,,1897.8
2026-08-28 04:00:00+03:00,21.5,18.4,11.8,26.5,15.1,6.8,29.8,22.3,9.7,13.5,7.2,11.3,8.4,8.3,5.2,16.9,9.4,5.7,19.433333333333334,13.450000000000001,7339.084703703704,,1747.8
2026-08-28 05:00:00+03:00,20.7,16.6,11.0,27.3,15.5,6.4,30.2,22.3,9.5,10.7,7.6,11.0,10.4,8.3,5.3,16.0,13.0,6.2,19.21666666666667,13.883333333333335,7096.336004629632,,1765.5
2026-08-28 06:00:00+03:00,19.7,15.8,10.4,27.6,15.8,5.5,30.6,20.9,9.3,12.0,11.2,10.7,13.9,8.3,4.9,15.9,9.4,5.2,19.950000000000003,13.566666666666668,7940.149875000004,,1834.7
2026-08-28 07:00:00+03:00,19.0,16.2,10.1,27.4,16.2,8.4,30.8,20.5,9.6,14.5,16.6,9.8,15.4,7.6,5.9,18.6,9.7,6.3,20.950000000000003,14.466666666666667,9195.007375000003,,1843.3
2026-08-28 08:00:00+03:00,18.0,15.5,10.4,25.8,17.6,10.4,31.1,21.2,10.6,13.7,15.5,11.1,14.7,7.6,8.6,17.1,13.7,7.9,20.066666666666666,15.183333333333332,8080.266962962963,,2134.9
2026-08-28 09:00:00+03:00,19.1,14.8,11.1,31.1,20.2,12.5,35.7,25.2,13.0,9.5,15.1,12.3,15.0,10.8,10.9,11.2,14.8,9.5,20.26666666666667,16.816666666666666,8324.285629629632,,1667.6
2026-08-28 10:00:00+03:00,12.8,15.1,13.0,19.4,24.1,14.6,24.4,27.7,14.9,10.2,16.2,13.0,9.9,14.8,13.5,9.4,16.2,11.7,14.350000000000001,19.01666666666667,2954.9878750000007,,921.9
2026-08-28 11:00:00+03:00,9.1,17.3,16.4,20.3,27.7,16.9,19.5,29.2,16.5,10.8,18.7,14.4,8.6,18.4,15.4,12.3,21.6,13.5,13.433333333333332,22.150000000000002,2424.104703703703,,794.9
2026-08-28 12:00:00+03:00,8.2,18.7,17.9,21.7,27.4,18.4,21.5,29.5,18.8,8.8,20.2,18.1,9.1,20.2,16.6,16.6,22.7,15.5,14.316666666666668,23.116666666666664,2934.4434212962974,,855.5
2026-08-28 13:00:00+03:00,7.2,18.7,19.4,20.9,25.6,19.7,22.0,29.5,19.9,10.9,20.9,20.2,9.4,22.3,17.4,16.1,23.0,16.3,14.416666666666666,23.333333333333332,2996.364004629629,,919.7
2026-08-28 14:00:00+03:00,6.7,19.8,20.6,20.5,24.8,20.4,20.4,29.5,20.5,14.5,20.9,21.1,10.4,23.8,18.1,16.6,23.8,16.3,14.85,23.766666666666666,3274.7591249999996,,979.8
2026-08-28 15:00:00+03:00,8.1,18.0,20.6,18.8,24.1,20.9,17.9,28.1,21.1,15.5,19.8,21.7,9.1,23.0,18.3,25.8,27.0,17.8,15.866666666666665,23.333333333333332,3994.450962962962,,1038.3
2026-08-28 16:00:00+03:00,9.2,18.4,19.5,19.4,24.1,20.6,18.4,27.7,21.4,17.9,33.8,21.5,10.1,23.0,18.7,22.3,27.4,17.7,16.216666666666665,25.733333333333334,4264.663504629629,,933.6
2026-08-28 17:00:00+03:00,10.1,23.4,18.9,19.1,24.1,20.3,19.4,27.4,21.5,19.0,21.2,21.9,11.7,22.3,18.6,22.9,27.4,18.1,17.03333333333333,24.3,4941.956703703702,,952.7
2026-08-28 18:00:00+03:00,4.8,20.2,18.9,19.3,23.8,19.9,21.8,26.6,21.5,20.0,20.5,21.1,13.7,22.0,18.1,21.0,23.4,17.9,16.76666666666667,22.75,4713.4639629629655,,968.7
2026-08-28 19:00:00+03:00,2.7,13.0,18.7,19.3,19.4,20.0,22.1,24.8,20.4,19.6,20.2,20.8,15.1,20.9,17.7,21.5,24.5,17.0,16.716666666666665,20.46666666666667,4671.421421296295,,1122.5
2026-08-28 20:00:00+03:00,4.6,13.7,18.2,19.3,14.8,18.1,22.7,20.9,19.0,20.7,19.8,19.7,18.4,15.1,15.5,22.5,24.1,15.7,18.03333333333333,18.066666666666666,5864.460037037035,,1752.7
2026-08-28 21:00:00+03:00,12.6,8.3,17.7,22.2,14.4,16.9,27.4,18.4,16.4,20.6,17.6,17.9,21.3,11.5,12.9,24.7,21.2,14.0,21.466666666666665,15.233333333333334,9892.221629629626,,2539.4
2026-08-28 22:00:00+03:00,16.0,11.9,16.4,25.8,15.5,14.5,30.5,20.5,14.7,23.3,20.5,16.8,24.3,14.8,10.9,25.3,15.8,12.2,24.2,16.5,14172.488,,3540.5
2026-08-28 23:00:00+03:00,21.6,15.5,15.8,26.3,16.6,14.2,31.8,22.3,14.2,23.8,22.3,15.8,26.1,15.5,9.9,24.4,12.6,10.1,25.666666666666668,17.466666666666665,16908.62962962963,,3909.7
2026-08-29 00:00:00+03:00,21.4,20.5,14.8,26.4,18.0,13.3,32.6,23.4,13.3,26.4,19.4,14.7,28.2,16.2,9.1,22.2,9.7,8.6,26.2,17.866666666666667,17984.728,,4131.1
2026-08-29 01:00:00+03:00,22.8,23.0,14.5,25.1,15.5,12.7,31.1,22.7,12.9,26.7,21.6,14.1,28.1,16.2,8.3,22.0,9.7,7.9,25.96666666666667,18.11666666666667,17508.486629629635,,4274.3
2026-08-29 02:00:00+03:00,26.4,23.4,14.1,24.9,17.6,12.4,30.1,23.0,12.6,28.5,22.0,13.9,27.6,15.5,8.0,22.4,10.4,7.4,26.650000000000002,18.650000000000002,18927.429625000004,,4235.9
2026-08-29 03:00:00+03:00,27.2,22.0,13.5,25.6,16.9,12.4,30.7,22.7,12.1,30.0,24.8,14.0,27.3,13.3,7.9,24.0,10.1,7.3,27.46666666666667,18.299999999999997,20721.341629629635,,4176.9
2026-08-29 04:00:00+03:00,27.4,22.7,12.9,27.0,16.9,11.7,30.8,22.0,12.2,30.3,26.3,14.1,27.4,13.7,8.0,24.0,10.1,6.7,27.816666666666666,18.616666666666664,21523.617171296297,,3983.1
2026-08-29 05:00:00+03:00,28.1,25.6,12.8,26.2,18.4,12.1,30.7,21.2,12.5,31.3,28.4,14.2,27.5,13.3,8.3,23.7,10.4,7.6,27.916666666666668,19.55,21756.58275462963,,3851.2
2026-08-29 06:00:00+03:00,29.2,27.0,12.7,27.1,19.4,11.3,31.4,22.7,12.7,32.7,28.4,14.3,28.0,15.1,8.8,23.0,9.4,6.7,28.566666666666663,20.333333333333332,23311.955296296288,,3891.4
2026-08-29 07:00:00+03:00,32.3,30.6,13.0,28.8,20.2,11.9,31.9,23.0,13.0,31.4,29.9,14.7,28.0,16.2,9.8,21.8,11.5,8.3,29.033333333333335,21.899999999999995,24473.196703703707,,3789.6
2026-08-29 08:00:00+03:00,31.9,33.1,13.6,29.2,24.5,13.0,36.5,22.3,13.7,33.2,33.1,15.3,30.1,16.9,11.6,23.6,13.0,10.0,30.75,23.816666666666666,29076.046875,,3515.5
2026-08-29 09:00:00+03:00,37.3,34.2,14.3,27.9,28.8,14.5,36.6,25.6,15.4,34.0,39.6,15.9,24.7,19.4,13.3,15.4,18.0,12.4,29.316666666666663,27.599999999999998,25196.705921296285,,3127.7
2026-08-29 10:00:00+03:00,32.5,32.8,15.0,28.6,29.9,15.7,27.7,27.7,16.6,30.1,42.8,16.5,23.8,23.0,14.8,13.6,20.2,14.1,26.05,29.399999999999995,17677.595125,,2928.2
2026-08-29 11:00:00+03:00,35.0,37.1,16.0,25.0,30.6,16.8,28.7,31.7,17.8,32.1,43.2,17.9,21.8,28.4,16.3,13.3,23.8,16.5,25.983333333333338,32.466666666666676,17542.221662037045,,3229.2
2026-08-29 12:00:00+03:00,33.3,38.9,17.0,29.7,32.8,17.3,30.2,35.3,18.9,33.4,47.2,18.8,23.3,33.8,16.9,16.5,28.1,17.5,27.733333333333334,36.016666666666666,21330.754370370374,,3856.2
2026-08-29 13:00:00+03:00,31.0,41.4,18.3,30.4,37.1,18.5,31.6,36.7,18.9,37.3,48.6,19.2,25.6,35.6,18.5,23.9,32.4,18.3,29.96666666666667,38.63333333333333,26910.09996296297,,4023.5
2026-08-29 14:00:00+03:00,29.7,43.2,19.1,28.0,38.9,18.5,32.0,38.5,19.4,36.4,47.5,19.5,24.8,36.4,19.0,24.1,32.8,18.5,29.166666666666668,39.550000000000004,24811.9212962963,,4366.2
2026-08-29 15:00:00+03:00,34.4,40.3,19.6,31.6,41.8,19.1,31.0,36.4,19.6,31.4,46.8,19.6,23.3,31.7,19.5,19.1,32.4,18.0,28.46666666666667,38.233333333333334,23067.994962962966,,4282.0
2026-08-29 16:00:00+03:00,42.3,40.0,19.6,34.0,43.2,19.5,31.3,36.4,19.6,32.1,42.5,18.6,25.5,32.4,19.0,23.4,31.0,18.1,31.433333333333334,37.583333333333336,31057.844703703704,,4375.8
2026-08-29 17:00:00+03:00,34.4,39.2,19.6,34.4,42.1,19.2,30.8,38.2,19.7,34.2,27.7,18.9,27.2,29.2,18.8,19.3,29.5,17.8,30.05,34.31666666666667,27135.225125,,4387.3
2026-08-29 18:00:00+03:00,32.2,37.1,19.1,34.2,40.0,19.0,33.9,37.4,19.8,33.6,39.6,18.7,27.9,31.0,18.2,17.4,26.3,17.7,29.86666666666667,35.233333333333334,26641.59762962964,,4298.1
2026-08-29 19:00:00+03:00,34.2,34.9,18.4,33.5,37.4,18.4,36.1,38.2,19.2,33.3,39.6,17.7,26.8,31.0,17.3,24.1,29.5,17.1,31.33333333333334,35.1,30762.370370370387,,4531.5
2026-08-29 20:00:00+03:00,35.0,23.0,17.5,32.8,34.6,18.0,36.6,36.0,18.5,31.8,37.8,16.8,28.1,28.4,16.2,25.7,28.4,16.3,31.666666666666668,31.366666666666664,31754.62962962963,,4769.3
2026-08-29 21:00:00+03:00,34.2,26.6,16.5,32.8,33.5,17.6,37.0,33.5,17.9,31.9,36.0,16.8,31.3,28.4,15.6,26.9,24.5,15.4,32.35,30.416666666666668,33855.002875000006,,4775.3
2026-08-29 22:00:00+03:00,34.5,24.8,15.7,35.2,37.8,17.2,39.2,35.6,17.6,32.2,32.4,17.0,32.3,29.2,15.1,27.8,25.9,15.0,33.53333333333334,30.95,37707.711703703724,,5080.8
2026-08-29 23:00:00+03:00,36.4,26.3,15.4,33.4,35.6,15.7,38.7,35.6,17.2,32.3,31.7,16.7,32.5,29.9,14.9,28.3,26.3,14.6,33.6,30.900000000000002,37933.056000000004,,5088.0
2026-08-30 00:00:00+03:00,35.8,28.4,15.1,32.2,25.6,15.3,37.2,35.3,16.9,32.3,31.3,16.1,31.6,29.9,15.0,29.4,26.3,14.3,33.083333333333336,29.46666666666667,36209.93807870371,,4880.9
2026-08-30 01:00:00+03:00,34.9,31.0,15.1,31.3,26.3,14.5,36.2,35.3,16.1,30.9,20.9,15.6,31.2,28.4,15.0,28.2,25.6,13.8,32.11666666666667,27.916666666666668,33127.70825462963,,4788.5
2026-08-30 02:00:00+03:00,30.2,31.0,14.9,31.7,23.4,14.7,35.2,24.8,15.6,29.4,22.3,15.3,30.7,24.5,14.7,27.3,25.2,13.4,30.75,25.2,29076.046875,,4713.3
2026-08-30 03:00:00+03:00,36.0,20.9,14.7,33.8,26.3,15.2,31.7,22.3,15.6,28.4,22.0,15.5,30.1,25.6,14.3,26.8,24.5,13.0,31.133333333333336,23.599999999999998,30177.055703703714,,4551.9
2026-08-30 04:00:00+03:00,34.4,23.4,14.5,35.4,31.7,15.4,34.4,23.4,15.2,30.5,27.4,15.6,30.6,24.8,13.8,30.4,24.8,12.9,32.61666666666667,25.91666666666667,34699.141171296294,,4616.0
2026-08-30 05:00:00+03:00,32.8,29.9,14.5,35.4,34.9,15.4,37.5,29.2,15.1,27.4,31.0,15.7,30.9,27.7,13.6,30.5,24.8,12.5,32.416666666666664,29.583333333333332,34064.73900462962,,4470.6
2026-08-30 06:00:00+03:00,29.1,28.8,14.6,34.3,32.8,13.8,38.4,35.3,15.1,24.5,27.4,15.7,32.0,33.5,13.4,29.7,23.0,12.2,31.333333333333332,30.13333333333333,30762.37037037037,,4405.3
2026-08-30 07:00:00+03:00,26.1,23.8,14.8,35.5,31.7,13.7,38.2,36.4,15.1,22.4,25.9,15.8,32.7,34.2,13.4,27.5,24.1,12.0,30.400000000000006,29.349999999999998,28094.464000000014,,4489.9
2026-08-30 08:00:00+03:00,28.2,20.9,15.0,34.3,32.0,13.7,39.2,37.1,14.9,22.8,23.0,16.1,32.8,36.4,13.8,27.4,23.8,11.7,30.783333333333335,28.86666666666667,29170.705662037042,,4491.8
2026-08-30 09:00:00+03:00,28.4,26.6,15.1,33.8,35.6,14.0,39.5,34.9,14.7,21.3,24.8,16.7,34.2,36.4,14.4,21.7,24.8,11.7,29.816666666666663,30.516666666666666,26508.018837962954,,4682.7
2026-08-30 10:00:00+03:00,24.6,28.1,15.5,32.1,34.6,14.3,43.2,32.8,14.6,18.0,24.8,17.4,34.3,35.6,15.2,25.7,25.6,12.1,29.649999999999995,30.25,26065.982124999988,,4418.8
2026-08-30 11:00:00+03:00,23.1,28.4,16.1,30.9,34.6,14.5,41.7,37.1,14.8,20.9,27.0,18.4,32.8,34.9,15.5,27.2,28.4,13.2,29.433333333333326,31.733333333333334,25498.71803703702,,4419.4
2026-08-30 12:00:00+03:00,27.2,32.0,16.8,23.4,33.1,15.1,36.2,38.5,15.3,22.6,27.7,18.9,35.4,34.6,16.2,23.9,29.5,13.9,28.11666666666667,32.56666666666666,22227.544921296307,,4132.2
2026-08-30 13:00:00+03:00,25.2,27.0,17.3,27.6,31.7,15.6,31.1,37.4,15.3,21.9,29.2,18.6,32.8,28.4,17.2,22.8,32.8,15.5,26.900000000000006,31.083333333333332,19465.10900000001,,3733.4
2026-08-30 14:00:00+03:00,26.8,28.4,17.8,23.7,31.3,16.3,31.0,35.3,15.8,22.7,24.1,19.4,30.0,32.8,17.3,21.3,32.4,15.0,25.916666666666668,30.716666666666665,17407.541087962967,,3338.7
2026-08-30 15:00:00+03:00,27.1,29.2,17.7,23.4,30.6,17.9,24.1,32.0,17.2,18.6,25.9,20.1,28.5,34.9,17.1,28.6,32.4,15.5,25.049999999999997,30.833333333333332,15718.937624999995,,3089.4
2026-08-30 16:00:00+03:00,18.7,29.2,17.8,23.8,29.5,17.6,20.7,30.2,17.9,21.9,28.1,20.7,26.5,32.8,16.3,28.7,29.9,14.4,23.38333333333333,29.950000000000003,12785.545495370363,,3052.0
2026-08-30 17:00:00+03:00,19.8,29.5,17.8,29.8,25.9,17.2,18.5,30.2,17.6,20.7,29.2,20.8,26.6,29.9,15.8,30.1,28.4,13.9,24.25,28.849999999999998,14260.515625,,2736.3
2026-08-30 18:00:00+03:00,24.3,27.0,17.9,24.7,27.4,17.3,20.3,33.1,19.0,23.3,29.2,20.6,29.4,28.8,15.8,30.1,35.3,13.8,25.349999999999998,30.133333333333336,16290.480374999996,,2651.7
2026-08-30 19:00:00+03:00,25.3,27.0,17.5,21.1,29.5,16.9,17.2,31.7,18.6,24.3,26.3,20.2,28.7,30.6,15.7,30.3,37.8,13.7,24.483333333333334,30.48333333333333,14676.13291203704,,2882.7
2026-08-30 20:00:00+03:00,21.7,23.0,17.0,21.9,24.8,16.6,20.1,29.9,17.7,25.6,25.2,19.1,28.0,31.0,15.6,27.6,36.4,13.7,24.150000000000002,28.38333333333333,14084.823375000004,,3041.2
2026-08-30 21:00:00+03:00,21.7,22.0,16.7,21.1,25.2,16.5,31.2,31.3,16.8,22.0,26.3,18.0,29.8,25.9,15.3,27.2,33.1,13.7,25.5,27.299999999999997,16581.375,,3166.3
2026-08-30 22:00:00+03:00,23.9,19.4,16.2,24.6,18.7,16.1,31.5,29.5,16.5,22.0,28.1,17.1,29.9,26.3,15.2,27.4,31.3,13.7,26.55,25.549999999999997,18715.161375000003,,3240.9
2026-08-30 23:00:00+03:00,26.8,18.7,15.7,23.6,16.9,15.9,26.1,22.0,16.0,23.8,28.4,17.0,29.3,24.8,15.0,27.6,29.5,13.8,26.2,23.383333333333336,17984.728,,2998.7
2026-08-31 00:00:00+03:00,25.6,18.4,15.8,22.1,14.4,15.7,24.5,16.6,16.0,22.2,25.2,16.8,27.6,24.5,14.9,26.9,27.4,14.1,24.816666666666666,21.083333333333332,15283.764671296296,,2999.5
2026-08-31 01:00:00+03:00,18.6,19.4,15.6,22.1,13.0,15.5,25.4,15.5,15.7,20.7,17.6,16.4,24.9,23.8,14.7,27.0,27.7,14.1,23.116666666666664,19.5,12353.090754629624,,2550.3
2026-08-31 02:00:00+03:00,23.6,20.5,15.2,22.5,16.9,15.6,24.2,15.8,14.9,24.4,23.4,16.1,22.7,23.0,14.6,29.2,27.4,14.1,24.433333333333334,21.166666666666668,14586.401370370371,,2271.6
2026-08-31 03:00:00+03:00,25.0,20.9,15.2,22.2,18.4,14.8,18.7,17.3,14.6,14.6,22.3,16.1,24.3,20.9,14.6,27.3,28.8,14.1,22.016666666666666,21.433333333333334,10672.218337962962,,2060.8
2026-08-31 04:00:00+03:00,24.7,20.2,15.4,22.0,19.8,15.1,23.2,16.6,14.6,20.1,22.3,16.3,22.3,19.8,14.5,26.2,28.8,13.9,23.083333333333332,21.25,12299.729745370369,,1867.5
2026-08-31 05:00:00+03:00,18.2,20.2,15.5,20.5,20.9,15.2,25.6,16.2,14.8,20.7,20.5,16.5,19.8,19.4,14.6,23.1,30.2,13.9,21.316666666666666,21.23333333333333,9686.29925462963,,1596.0
2026-08-31 06:00:00+03:00,16.5,17.6,15.6,20.8,20.5,14.5,25.0,18.0,14.7,17.7,22.0,16.5,19.3,17.6,14.5,22.2,30.2,14.0,20.25,20.98333333333333,8303.765625,,1379.2
2026-08-31 07:00:00+03:00,16.6,15.1,15.2,20.6,19.4,14.5,22.0,17.3,14.9,16.2,19.8,16.8,16.9,15.8,14.7,22.2,27.0,14.0,19.083333333333336,19.066666666666666,6949.646412037039,,1221.2
2026-08-31 08:00:00+03:00,18.0,17.6,15.3,20.2,17.6,14.7,20.1,15.8,15.2,16.7,19.1,17.1,17.6,16.2,14.9,21.2,26.6,14.1,18.966666666666665,18.816666666666666,6822.963296296294,,1077.6
2026-08-31 09:00:00+03:00,15.3,17.6,15.3,16.3,16.6,15.2,18.8,16.2,15.5,13.9,18.4,17.5,12.1,15.8,15.0,21.2,22.0,14.5,16.26666666666667,17.76666666666667,4304.232296296298,,914.8
2026-08-31 10:00:00+03:00,14.3,17.6,15.9,15.4,16.2,14.9,15.2,14.4,15.6,15.9,21.6,17.8,12.8,17.6,15.5,14.3,24.1,14.8,14.65,18.583333333333332,3144.219625,,764.0
2026-08-31 11:00:00+03:00,12.9,16.6,16.1,15.7,11.9,15.0,12.9,14.8,15.7,10.7,21.6,18.1,15.7,17.6,16.0,16.0,22.0,14.9,13.983333333333334,17.416666666666668,2734.2116620370375,,609.8
2026-08-31 12:00:00+03:00,10.1,17.3,16.3,15.1,16.9,15.7,15.1,14.4,16.4,9.3,14.8,18.5,15.2,17.6,16.2,17.3,19.8,15.3,13.683333333333332,16.8,2561.9799120370362,,599.0
2026-08-31 13:00:00+03:00,9.4,15.8,16.5,11.5,16.2,15.9,12.7,16.2,17.6,7.0,12.2,19.5,15.9,16.6,16.4,16.8,18.0,15.5,12.216666666666667,15.833333333333334,1823.3001712962964,,521.2
2026-08-31 14:00:00+03:00,11.0,13.3,17.0,10.9,16.2,16.0,5.3,16.2,18.7,6.9,10.4,19.5,12.5,19.1,16.8,14.4,18.4,15.1,10.166666666666666,15.6,1050.8379629629628,,381.9
2026-08-31 15:00:00+03:00,7.8,11.2,17.3,15.2,14.8,16.6,5.2,16.6,19.3,13.2,10.1,19.5,11.9,18.0,16.6,15.3,19.1,16.1,11.433333333333332,14.966666666666669,1494.5780370370364,,343.4
2026-08-31 16:00:00+03:00,8.0,10.1,17.7,6.1,11.9,16.6,14.0,19.1,19.0,15.2,18.7,19.4,12.8,16.9,16.4,12.4,18.0,16.0,11.416666666666666,15.783333333333331,1488.0515046296293,,295.3
2026-08-31 17:00:00+03:00,6.2,8.6,17.9,8.4,8.6,16.4,12.1,20.5,18.3,15.5,18.7,19.6,18.7,15.1,16.8,12.2,18.0,16.2,12.183333333333335,14.916666666666666,1808.416162037038,,306.0
2026-08-31 18:00:00+03:00,6.3,8.3,17.8,10.1,7.6,17.2,9.3,19.4,17.8,13.1,15.8,18.8,16.6,14.4,16.6,10.9,17.6,16.7,11.049999999999999,13.85,1349.2326249999996,,266.3
2026-08-31 19:00:00+03:00,2.9,11.9,18.1,12.5,8.6,17.1,10.2,16.9,17.4,15.7,18.4,17.9,16.7,14.0,16.5,12.5,18.7,16.4,11.75,14.75,1622.234375,,319.4
2026-08-31 20:00:00+03:00,7.6,12.2,17.7,15.0,9.4,16.5,11.1,14.4,16.8,16.9,19.4,17.4,17.8,14.4,16.3,13.8,18.7,15.4,13.700000000000001,14.75,2571.3530000000005,,584.5
2026-08-31 21:00:00+03:00,15.7,10.4,16.7,16.3,7.6,16.4,11.5,11.9,16.4,19.2,20.9,16.7,22.1,14.4,15.9,11.6,9.4,15.2,16.066666666666666,12.433333333333335,4147.413629629629,,732.5
2026-08-31 22:00:00+03:00,21.3,16.2,16.0,18.0,9.4,16.4,8.0,10.8,16.3,19.8,14.8,16.1,20.8,13.7,15.3,13.1,9.7,14.5,16.833333333333332,12.433333333333335,4769.912037037036,,799.8
2026-08-31 23:00:00+03:00,16.5,18.0,15.8,11.6,9.0,16.5,15.8,11.5,16.3,16.1,13.7,16.2,18.3,15.1,15.2,10.5,7.9,14.4,14.800000000000002,12.533333333333333,3241.7920000000017,,870.4
2026-09-01 00:00:00+03:00,19.2,19.1,15.7,14.4,6.1,16.2,11.7,10.4,16.0,19.8,11.9,16.2,17.3,14.4,15.4,11.1,6.1,13.9,15.58333333333333,11.333333333333334,3784.260995370368,,865.8
2026-09-01 01:00:00+03:00,17.1,18.7,15.7,15.7,17.3,15.9,15.4,11.2,15.6,21.9,13.7,15.8,14.8,12.6,15.5,15.7,6.8,13.7,16.766666666666666,13.383333333333333,4713.463962962962,,832.0
2026-09-01 02:00:00+03:00,19.2,19.1,15.6,16.6,17.3,15.6,17.9,10.8,15.7,19.1,14.8,15.9,14.5,9.7,15.5,11.3,8.3,13.7,16.433333333333334,13.333333333333334,4437.894703703704,,818.7
2026-09-01 03:00:00+03:00,17.7,15.5,15.3,16.4,17.6,15.3,14.5,9.7,15.7,18.7,15.8,15.5,8.1,7.9,15.4,11.5,11.9,13.3,14.483333333333333,13.066666666666668,3038.1245787037033,,837.3
2026-09-01 04:00:00+03:00,21.7,17.6,15.1,16.2,14.8,15.1,15.7,10.4,15.9,21.8,20.5,15.8,4.7,7.9,15.4,8.9,11.9,12.7,14.833333333333334,13.850000000000001,3263.745370370371,,800.9
2026-09-01 05:00:00+03:00,23.0,17.6,15.1,12.5,19.1,14.9,16.6,18.4,16.1,24.6,20.5,15.7,7.5,9.0,15.3,6.2,11.2,12.7,15.066666666666668,15.966666666666667,3420.2002962962974,,945.4
2026-09-01 06:00:00+03:00,17.9,18.0,15.1,12.0,18.0,14.5,16.3,18.7,15.9,25.1,17.6,15.5,10.0,9.4,15.3,9.4,11.2,12.6,15.116666666666669,15.483333333333336,3454.3640879629647,,1101.7
2026-09-01 07:00:00+03:00,20.1,18.4,15.2,14.0,13.3,14.4,16.5,23.8,15.9,24.5,17.6,15.3,11.5,7.9,15.3,8.2,11.2,12.9,15.799999999999999,15.366666666666667,3944.311999999999,,1111.5
2026-09-01 08:00:00+03:00,20.5,19.1,15.4,18.6,13.3,14.6,17.6,26.3,16.0,21.1,18.4,15.6,8.4,9.7,15.6,9.9,13.0,13.2,16.01666666666667,16.633333333333333,4108.813337962965,,1113.7
2026-09-01 09:00:00+03:00,22.3,16.6,15.7,18.4,13.0,14.9,15.6,24.8,16.2,18.2,20.2,16.3,10.6,11.2,16.0,12.9,16.2,13.3,16.333333333333332,17.000000000000004,4357.3703703703695,,778.4
2026-09-01 10:00:00+03:00,19.4,18.7,15.9,18.7,16.2,14.9,15.5,25.6,16.4,16.2,20.5,17.2,9.8,11.5,16.6,10.1,15.5,13.8,14.949999999999998,18.0,3341.3623749999983,,694.5
2026-09-01 11:00:00+03:00,18.6,22.3,16.0,16.4,17.6,15.1,16.2,26.3,16.3,19.1,23.0,17.7,9.4,12.6,17.5,10.8,14.8,13.8,15.083333333333336,19.433333333333334,3431.5630787037053,,732.8
2026-09-01 12:00:00+03:00,17.4,26.3,16.6,15.7,19.8,15.9,17.4,27.0,16.9,19.0,26.6,18.3,10.3,12.6,17.8,13.4,14.4,14.1,15.533333333333333,21.116666666666664,3747.9517037037035,,659.6
2026-09-01 13:00:00+03:00,18.7,28.8,16.7,15.2,18.7,16.3,18.8,26.6,17.1,16.6,23.0,17.9,9.2,13.7,17.5,12.4,15.8,14.3,15.150000000000004,21.099999999999998,3477.265875000003,,643.0
2026-09-01 14:00:00+03:00,20.5,28.4,17.3,14.4,17.3,16.7,16.5,21.2,17.7,17.7,22.0,17.7,8.3,17.3,17.2,12.1,15.8,14.2,14.916666666666664,20.333333333333332,3319.0619212962947,,712.8
2026-09-01 15:00:00+03:00,23.9,29.9,16.6,10.5,19.4,17.5,16.9,18.7,18.0,16.5,26.3,18.0,8.8,11.5,18.3,12.8,15.1,14.4,14.899999999999999,20.15,3307.948999999999,,881.0
2026-09-01 16:00:00+03:00,26.4,30.6,16.1,13.1,21.6,16.4,14.8,17.6,18.3,16.3,27.7,18.3,9.0,14.8,19.2,11.3,14.0,14.6,15.149999999999999,21.05,3477.265874999999,,890.4
2026-09-01 17:00:00+03:00,24.6,28.8,16.1,13.0,18.0,17.1,17.9,14.8,18.1,17.4,27.7,18.3,8.9,14.4,19.2,7.2,15.5,14.8,14.833333333333336,19.866666666666667,3263.745370370372,,985.0
2026-09-01 18:00:00+03:00,21.7,28.1,15.9,15.9,24.1,16.9,19.0,32.4,16.4,15.8,28.1,17.7,16.8,16.6,18.8,14.5,16.6,15.1,17.283333333333335,24.316666666666663,5162.766912037038,,1009.0
2026-09-01 19:00:00+03:00,21.5,27.0,15.6,18.1,23.4,16.2,23.2,32.0,16.2,15.4,27.0,16.4,17.7,17.6,18.5,12.0,16.9,15.4,17.983333333333334,23.983333333333334,5815.814995370371,,1128.5
2026-09-01 20:00:00+03:00,23.7,25.2,15.5,19.0,22.0,15.4,23.7,25.9,15.5,16.1,20.9,15.2,15.4,13.0,16.9,12.7,15.5,15.0,18.433333333333334,20.416666666666668,6263.421370370371,,1205.9
2026-09-01 21:00:00+03:00,23.5,26.3,14.9,17.8,19.8,14.9,27.7,29.2,14.9,15.9,19.1,14.2,21.4,14.8,15.5,16.1,10.8,14.9,20.400000000000002,20.0,8489.664000000002,,1471.9
2026-09-01 22:00:00+03:00,19.0,23.8,14.2,22.8,19.8,14.0,26.0,29.5,14.9,11.2,12.2,12.9,18.1,9.4,15.0,10.4,10.8,14.7,17.916666666666668,17.583333333333332,5751.374421296297,,1629.9
2026-09-01 23:00:00+03:00,19.7,21.6,13.9,23.8,22.7,13.4,27.9,27.4,14.4,10.4,7.2,11.6,16.9,15.8,14.6,12.6,9.4,14.1,18.55,17.349999999999998,6383.101375000001,,1745.1
2026-09-02 00:00:00+03:00,21.0,20.9,13.7,24.2,23.8,12.5,29.2,24.8,14.0,9.3,6.8,10.4,15.9,28.8,14.5,9.3,11.9,14.1,18.150000000000002,19.5,5979.018375000002,,1820.2
2026-09-02 01:00:00+03:00,21.0,15.8,13.1,23.8,22.0,12.1,29.5,24.1,13.6,8.1,7.2,9.5,16.1,26.3,14.3,9.9,12.6,14.3,18.066666666666666,17.999999999999996,5897.040296296296,,1830.3
2026-09-02 02:00:00+03:00,19.5,14.0,13.0,23.9,22.3,11.5,27.2,23.8,13.3,9.3,6.8,8.6,18.1,17.6,13.7,13.3,11.9,14.2,18.55,16.066666666666666,6383.101375000001,,1860.1
2026-09-02 03:00:00+03:00,17.7,14.0,12.1,22.4,21.6,10.3,27.5,23.8,13.0,13.3,6.5,8.0,18.7,11.9,13.7,6.8,13.0,13.6,17.73333333333333,15.133333333333335,5576.6210370370345,,2068.8
2026-09-02 04:00:00+03:00,17.0,13.0,11.6,22.6,19.4,10.9,23.4,23.0,12.9,15.0,6.1,7.7,16.6,10.8,13.1,6.1,13.3,13.4,16.78333333333333,14.266666666666666,4727.533995370369,,1810.8
2026-09-02 05:00:00+03:00,17.5,11.2,10.9,21.6,16.6,10.9,24.8,21.2,13.7,14.7,5.0,7.3,15.8,11.5,12.1,15.4,14.8,13.3,18.3,13.383333333333333,6128.487000000001,,1652.5
2026-09-02 06:00:00+03:00,16.6,9.0,10.5,21.7,15.1,9.9,24.7,18.0,12.5,16.1,7.9,6.2,17.9,10.1,11.3,18.1,13.7,13.3,19.183333333333334,12.299999999999999,7059.471995370371,,1505.6
2026-09-02 07:00:00+03:00,16.2,8.6,10.5,21.5,13.7,10.0,25.1,16.9,12.5,16.6,9.0,6.1,18.8,13.0,11.5,14.1,14.8,13.1,18.716666666666665,12.666666666666666,6556.703087962961,,1165.1
2026-09-02 08:00:00+03:00,16.1,10.1,12.0,21.2,14.4,10.8,23.5,19.4,13.5,16.7,9.0,7.6,18.0,15.1,12.2,14.7,14.8,13.4,18.366666666666667,13.799999999999999,6195.709296296297,,938.1
2026-09-02 09:00:00+03:00,12.2,10.1,12.7,13.5,15.8,11.4,23.4,28.1,14.4,17.8,9.4,10.0,16.0,16.2,12.6,12.0,18.0,13.5,15.816666666666665,16.266666666666666,3956.8071712962947,,615.1
2026-09-02 10:00:00+03:00,10.9,13.0,14.8,11.6,15.8,12.4,22.6,28.1,15.0,12.2,16.6,13.9,15.3,17.3,13.5,10.7,18.0,14.2,13.883333333333333,18.133333333333333,2675.9700787037036,,404.4
2026-09-02 11:00:00+03:00,10.9,16.9,16.1,11.7,16.9,14.1,22.0,29.2,15.7,12.9,22.3,16.4,15.5,21.2,14.9,12.9,14.8,15.2,14.316666666666668,20.216666666666665,2934.4434212962974,,427.8
2026-09-02 12:00:00+03:00,9.4,18.7,16.8,12.8,19.4,16.2,20.8,30.6,16.2,15.4,24.1,18.3,14.9,23.8,15.8,12.3,18.0,15.5,14.266666666666666,22.433333333333326,2903.805629629629,,490.0
2026-09-02 13:00:00+03:00,8.1,18.7,17.3,11.9,21.2,17.7,19.3,29.9,16.5,18.6,31.0,19.4,15.4,26.3,16.8,10.2,19.1,15.4,13.916666666666666,24.366666666666664,2695.2910879629626,,657.0
2026-09-02 14:00:00+03:00,8.0,18.7,18.7,11.8,23.0,18.5,20.5,30.6,16.4,20.5,37.1,20.2,14.2,28.1,17.2,9.7,19.1,15.7,14.116666666666667,26.099999999999998,2813.17325462963,,684.6
2026-09-02 15:00:00+03:00,8.0,17.6,19.5,11.0,23.0,18.9,21.2,31.0,16.8,17.7,38.2,20.3,15.2,26.6,16.7,7.4,18.0,15.8,13.41666666666667,25.733333333333334,2415.093171296298,,755.3
2026-09-02 16:00:00+03:00,9.0,20.5,19.9,11.1,23.0,18.9,20.5,29.5,16.6,19.0,35.6,20.4,14.9,24.5,17.3,5.0,14.4,16.0,13.25,24.583333333333332,2326.203125,,825.1
2026-09-02 17:00:00+03:00,12.5,22.0,21.5,11.1,22.0,19.4,19.6,27.0,16.7,19.4,33.8,19.9,14.1,22.7,17.2,7.1,13.3,15.5,13.966666666666667,23.46666666666667,2724.4466296296296,,999.0
2026-09-02 18:00:00+03:00,18.5,23.4,20.8,9.4,19.8,18.9,17.9,25.2,16.5,17.8,33.5,19.0,12.7,19.8,17.4,14.1,11.2,15.2,15.066666666666665,22.150000000000002,3420.2002962962947,,1080.1
2026-09-02 19:00:00+03:00,17.2,23.0,19.7,11.0,14.8,18.0,15.1,22.0,15.9,16.8,28.4,18.2,10.8,16.6,17.0,9.0,11.9,14.9,13.316666666666665,19.45,2361.492587962962,,1057.3
2026-09-02 20:00:00+03:00,24.0,24.5,17.7,14.3,5.8,15.9,14.5,18.0,15.0,18.1,24.1,17.4,10.5,10.8,15.1,5.7,9.7,14.1,14.516666666666667,15.483333333333334,3059.1495879629633,,1083.2
2026-09-02 21:00:00+03:00,23.3,31.3,16.4,16.6,7.9,13.4,11.2,10.4,13.0,20.4,18.0,16.0,13.1,10.4,13.1,11.0,6.8,13.4,15.933333333333332,14.133333333333333,4045.0130370370357,,1141.4
2026-09-02 22:00:00+03:00,24.2,30.2,15.9,19.7,13.7,12.8,12.9,8.3,11.2,26.9,20.2,15.1,16.4,8.3,11.3,11.9,7.2,12.4,18.666666666666668,14.65,6504.296296296297,,1564.4
2026-09-02 23:00:00+03:00,23.9,23.8,15.7,20.7,15.8,12.5,14.4,9.0,10.0,25.6,24.5,14.6,13.9,7.9,10.3,13.6,6.8,11.3,18.683333333333334,14.633333333333333,6521.734078703704,,1732.4
2026-09-03 00:00:00+03:00,24.3,23.4,14.9,12.6,14.0,12.2,15.0,9.4,9.1,25.8,23.4,14.2,8.9,8.6,9.2,14.9,7.9,10.6,16.916666666666668,14.449999999999998,4841.103587962964,,1909.1
2026-09-03 01:00:00+03:00,25.2,24.8,14.2,16.0,13.7,11.3,11.8,10.4,9.1,25.3,24.5,14.3,5.4,7.6,8.5,12.0,6.1,9.4,15.950000000000001,14.516666666666666,4057.7198750000007,,1986.3
2026-09-03 02:00:00+03:00,21.2,25.6,13.8,21.7,12.2,11.2,13.0,13.3,9.3,25.4,23.4,13.7,5.5,6.5,8.0,10.0,7.6,8.6,16.133333333333333,14.766666666666666,4199.255703703703,,2151.7
2026-09-03 03:00:00+03:00,21.6,24.1,13.8,24.0,15.5,11.6,21.8,14.0,9.3,24.4,22.7,13.1,6.0,6.5,7.2,5.0,9.0,8.7,17.133333333333336,15.299999999999999,5029.50903703704,,2172.9
2026-09-03 04:00:00+03:00,25.6,24.5,13.7,23.0,16.2,11.5,20.4,13.7,9.6,23.2,20.2,12.6,9.4,7.2,6.9,4.0,7.9,8.7,17.6,14.950000000000003,5451.776000000002,,2046.1
2026-09-03 05:00:00+03:00,27.4,23.0,13.4,23.9,16.6,11.6,23.4,13.3,9.8,22.5,18.4,12.3,12.4,7.6,6.7,7.4,8.6,9.6,19.5,14.583333333333334,7414.875,,1925.0
2026-09-03 06:00:00+03:00,28.2,18.4,13.3,20.4,17.3,10.6,21.9,14.8,9.8,22.2,18.4,12.0,15.0,7.6,6.6,9.2,9.7,10.0,19.483333333333334,14.366666666666667,7395.878745370372,,1859.5
2026-09-03 07:00:00+03:00,27.8,22.3,12.6,20.0,19.1,10.4,23.3,14.8,10.6,22.4,16.2,11.9,17.4,9.0,7.1,6.2,10.1,10.1,19.51666666666667,15.25,7433.903754629632,,1820.5
2026-09-03 08:00:00+03:00,25.6,25.2,12.7,24.2,19.4,11.4,24.3,17.6,11.8,21.0,18.0,12.7,18.7,8.6,9.4,2.7,14.0,10.8,19.416666666666668,17.13333333333333,7320.218171296297,,1730.0
2026-09-03 09:00:00+03:00,26.2,23.8,13.6,22.3,20.5,12.3,20.4,19.8,12.9,21.6,20.5,13.7,21.1,11.2,11.4,2.4,11.9,11.1,19.0,17.95,6859.0,,1292.0
2026-09-03 10:00:00+03:00,19.9,23.8,15.2,20.2,27.0,13.9,15.6,19.8,14.5,20.9,29.9,15.6,12.6,13.7,12.6,3.3,6.8,12.1,15.416666666666664,20.166666666666668,3664.1348379629612,,982.8
2026-09-03 11:00:00+03:00,20.2,23.8,16.3,18.0,26.6,14.9,14.4,18.0,15.4,24.4,34.6,16.9,12.3,15.1,13.2,4.9,7.9,12.4,15.700000000000001,21.0,3869.893000000001,,1139.3
2026-09-03 12:00:00+03:00,21.0,24.8,16.6,17.5,28.1,17.2,11.2,17.3,16.3,25.9,36.0,17.0,12.8,16.6,14.3,6.0,10.1,13.3,15.733333333333333,22.150000000000002,3894.5943703703697,,1224.8
2026-09-03 13:00:00+03:00,20.0,25.6,17.5,17.2,29.5,18.4,8.4,16.2,16.2,22.4,36.0,17.6,12.1,19.1,15.8,6.3,10.1,13.7,14.399999999999999,22.75,2985.983999999999,,1126.1
2026-09-03 14:00:00+03:00,19.5,25.2,18.3,14.7,28.8,18.9,9.6,16.9,17.7,23.2,37.4,18.0,12.4,21.6,16.9,4.0,9.7,14.1,13.9,23.266666666666666,2685.619,,992.7
2026-09-03 15:00:00+03:00,13.3,26.3,18.4,20.6,23.0,18.8,13.7,13.0,18.0,21.4,39.2,18.1,13.5,20.5,17.6,2.5,11.9,15.1,14.166666666666666,22.316666666666666,2843.171296296296,,901.1
2026-09-03 16:00:00+03:00,11.1,29.9,18.4,11.1,19.8,18.4,4.9,11.2,17.5,20.1,39.2,18.5,14.3,21.6,15.6,4.7,10.8,15.6,11.033333333333333,22.08333333333334,1343.1367037037037,,866.7
2026-09-03 17:00:00+03:00,17.4,31.7,18.0,13.0,34.6,14.3,3.1,14.4,17.0,19.6,35.6,17.9,8.4,19.8,15.7,2.7,8.6,15.7,10.700000000000001,24.11666666666667,1225.0430000000003,,1065.0
2026-09-03 18:00:00+03:00,13.9,30.6,17.4,14.3,33.1,13.2,16.0,17.6,17.5,15.8,34.2,17.5,9.8,15.5,16.2,1.8,8.6,15.8,11.933333333333332,23.266666666666666,1699.359703703703,,1087.9
2026-09-03 19:00:00+03:00,19.7,29.5,17.1,8.4,19.1,11.7,12.0,17.6,17.3,15.6,31.0,16.7,9.6,15.1,15.5,4.5,6.5,15.6,11.633333333333333,19.8,1574.3907037037036,,1163.2
2026-09-03 20:00:00+03:00,22.9,27.7,16.0,19.5,22.0,11.0,12.6,15.5,15.9,12.6,27.0,15.3,15.4,11.5,14.0,7.0,3.2,13.0,15.0,17.816666666666666,3375.0,,1171.6
2026-09-03 21:00:00+03:00,20.6,27.4,14.9,24.0,7.6,10.2,16.8,21.2,14.6,23.7,23.4,14.4,20.1,13.0,12.8,6.0,2.9,11.1,18.533333333333335,15.916666666666666,6365.911703703706,,1002.1
2026-09-03 22:00:00+03:00,20.3,23.0,14.0,25.4,7.2,10.1,16.2,26.6,14.2,23.3,15.1,12.8,20.4,14.8,11.7,3.9,4.0,10.1,18.25,15.116666666666665,6078.390625,,1102.6
2026-09-03 23:00:00+03:00,19.5,19.8,13.4,21.8,13.0,10.0,12.1,23.4,13.4,20.6,9.7,11.9,19.4,15.1,10.5,5.7,4.7,9.2,16.51666666666667,14.283333333333331,4505.751254629632,,996.2
2026-09-04 00:00:00+03:00,18.5,18.0,12.6,14.5,12.2,9.6,21.8,22.0,12.8,20.0,9.0,11.1,18.6,11.2,9.3,7.1,7.6,8.3,16.75,13.333333333333334,4699.421875,,773.9
2026-09-04 01:00:00+03:00,14.5,17.3,12.1,9.2,11.2,9.6,27.1,17.3,12.5,18.6,8.6,10.1,19.9,14.8,9.1,10.3,12.6,8.3,16.6,13.633333333333333,4574.296000000001,,1020.8
2026-09-04 02:00:00+03:00,14.4,16.9,11.2,18.1,14.8,9.9,22.2,13.7,12.3,13.6,7.6,9.5,19.9,13.7,9.2,15.2,14.0,7.8,17.23333333333333,13.450000000000001,5118.089370370368,,1109.7
2026-09-04 03:00:00+03:00,14.5,15.8,10.8,16.1,15.1,9.8,6.3,10.8,11.9,9.5,7.6,9.1,22.1,14.4,8.7,4.3,14.0,7.8,12.133333333333333,12.950000000000001,1786.24237037037,,1250.5
2026-09-04 04:00:00+03:00,14.9,11.9,10.6,19.3,15.1,9.8,11.3,11.5,11.4,15.5,11.2,8.9,19.4,11.9,9.1,16.2,14.0,9.5,16.1,12.6,4173.281000000001,,1120.5
2026-09-04 05:00:00+03:00,15.3,10.1,9.9,17.0,15.5,9.8,19.6,10.4,11.0,6.4,11.9,8.9,18.5,14.0,9.2,21.8,14.0,10.2,16.433333333333334,12.65,4437.894703703704,,900.6
2026-09-04 06:00:00+03:00,13.0,11.5,9.2,14.8,18.7,9.8,22.2,11.9,10.5,11.6,9.0,9.6,17.3,14.0,8.9,22.6,13.7,10.2,16.916666666666668,13.133333333333333,4841.103587962964,,857.5
2026-09-04 07:00:00+03:00,12.1,12.6,8.6,16.5,15.8,9.5,19.1,9.7,10.4,6.2,11.2,10.0,18.5,15.1,9.1,21.7,19.4,10.4,15.683333333333335,13.966666666666663,3857.581578703705,,794.9
2026-09-04 08:00:00+03:00,12.5,13.7,9.0,17.1,13.0,9.6,17.8,14.8,10.7,6.9,12.6,10.0,13.4,18.0,9.8,22.9,20.2,10.5,15.1,15.383333333333333,3442.9509999999996,,627.6
2026-09-04 09:00:00+03:00,14.4,13.3,11.3,15.2,14.0,9.6,18.1,15.8,11.7,1.8,11.5,10.2,11.4,17.6,10.2,22.2,24.8,10.9,13.85,16.166666666666668,2656.7416249999997,,495.6
2026-09-04 10:00:00+03:00,11.8,14.4,12.9,12.6,15.8,10.1,6.9,14.8,12.5,2.4,11.5,11.7,8.9,16.9,11.0,21.1,27.7,11.8,10.616666666666665,16.85,1196.6428379629626,,299.5
2026-09-04 11:00:00+03:00,11.1,16.9,14.8,11.1,14.8,11.0,4.5,11.5,13.2,3.6,9.7,13.7,8.5,18.4,12.0,21.2,27.7,11.8,10.0,16.500000000000004,1000.0,,211.9
2026-09-04 12:00:00+03:00,10.7,23.8,15.4,11.3,15.1,13.7,4.1,11.5,14.8,6.5,11.2,14.9,10.1,18.0,12.9,23.2,30.6,11.3,10.983333333333334,18.366666666666664,1324.9591620370375,,173.9
2026-09-04 13:00:00+03:00,10.4,25.9,15.8,8.5,15.1,14.2,1.5,11.5,14.9,8.1,18.0,15.1,10.8,15.8,13.5,24.1,31.7,11.4,10.566666666666666,19.666666666666668,1179.8152962962963,,195.9
2026-09-04 14:00:00+03:00,10.5,27.0,16.8,9.5,15.5,14.0,4.5,10.4,14.9,8.3,19.8,15.9,10.8,15.5,13.6,23.1,30.2,11.5,11.116666666666665,19.733333333333334,1373.8007546296292,,217.0
2026-09-04 15:00:00+03:00,10.7,27.7,16.8,12.4,15.8,13.2,7.3,11.5,15.4,9.1,19.1,16.4,5.7,15.5,13.7,25.5,28.4,11.3,11.783333333333333,19.666666666666668,1636.0798287037037,,230.8
2026-09-04 16:00:00+03:00,11.0,27.4,16.8,9.9,15.1,13.8,13.3,15.5,15.7,9.0,20.2,16.6,9.0,12.6,13.4,25.8,29.5,10.9,13.0,20.05,2197.0,,299.1
2026-09-04 17:00:00+03:00,12.2,27.0,17.1,7.6,19.4,13.9,14.1,19.4,15.2,10.9,20.2,17.0,6.7,12.6,13.8,28.8,31.7,10.5,13.383333333333333,21.716666666666665,2397.137162037037,,374.2
2026-09-04 18:00:00+03:00,10.1,25.9,16.6,8.5,16.6,14.0,9.9,17.6,15.4,12.8,18.7,16.6,7.8,9.7,13.7,29.1,36.7,10.0,13.033333333333331,20.866666666666667,2213.9433703703694,,426.4
2026-09-04 19:00:00+03:00,11.1,22.7,15.9,10.0,10.4,13.2,9.3,15.8,14.7,12.6,20.9,15.7,7.2,8.3,12.8,29.7,38.5,10.0,13.316666666666668,19.433333333333334,2361.4925879629636,,511.0
2026-09-04 20:00:00+03:00,10.7,18.4,14.7,10.6,10.4,12.1,10.9,15.5,13.8,12.0,20.2,14.7,7.6,7.6,11.2,31.5,39.2,9.8,13.883333333333333,18.55,2675.9700787037036,,591.1
2026-09-04 21:00:00+03:00,5.7,14.4,14.2,6.1,4.7,11.2,8.3,13.7,13.3,11.5,14.4,13.2,7.1,7.2,10.1,30.7,42.8,9.5,11.566666666666668,16.2,1547.4786296296302,,570.4
2026-09-04 22:00:00+03:00,6.4,10.4,13.6,5.7,4.3,10.8,9.8,13.7,12.9,12.1,9.0,11.7,6.0,4.7,9.4,31.8,43.6,9.0,11.966666666666667,14.283333333333333,1713.639962962963,,623.8
2026-09-04 23:00:00+03:00,9.0,9.4,13.2,9.2,6.1,10.5,11.9,10.4,12.6,11.7,9.4,10.7,5.9,4.0,8.8,31.7,43.6,8.4,13.233333333333333,13.816666666666668,2317.4360370370364,,723.9
2026-09-05 00:00:00+03:00,11.3,9.4,12.3,13.1,7.2,10.4,13.2,7.2,12.2,13.5,7.2,9.6,7.9,3.2,8.2,31.0,41.4,8.0,15.0,12.6,3375.0,,714.6
2026-09-05 01:00:00+03:00,11.7,8.6,11.6,13.2,7.6,10.1,16.2,8.3,11.8,13.9,7.2,9.2,6.7,5.8,8.4,31.5,41.0,7.6,15.533333333333331,13.083333333333334,3747.951703703702,,669.5
2026-09-05 02:00:00+03:00,12.1,7.9,11.8,13.0,6.1,9.8,12.8,6.5,11.3,15.1,7.2,8.4,4.8,5.8,8.6,31.2,41.0,7.1,14.833333333333334,12.416666666666666,3263.745370370371,,733.8
2026-09-05 03:00:00+03:00,15.6,7.9,11.5,13.5,6.5,9.4,17.2,9.7,10.7,19.1,6.5,7.1,7.3,4.3,8.8,27.7,40.0,6.8,16.733333333333334,12.483333333333334,4685.407703703704,,755.7
2026-09-05 04:00:00+03:00,19.5,6.5,11.5,13.6,7.6,9.3,22.1,9.4,10.2,16.5,6.5,6.8,1.7,4.7,8.9,30.7,39.6,6.4,17.35,12.383333333333335,5222.740375000001,,787.0
2026-09-05 05:00:00+03:00,19.1,5.8,11.1,9.7,7.6,9.7,24.0,6.1,10.5,15.8,6.5,6.4,6.7,2.2,9.1,31.5,38.5,6.2,17.8,11.116666666666667,5639.752,,865.5
2026-09-05 06:00:00+03:00,19.4,7.2,11.1,10.3,4.7,9.0,29.4,31.3,11.4,15.2,5.0,5.8,4.5,2.5,9.0,31.7,39.2,5.8,18.416666666666668,14.983333333333334,6246.447337962964,,1006.9
2026-09-05 07:00:00+03:00,17.8,11.9,11.2,11.7,5.8,9.1,32.3,36.0,11.2,11.6,4.0,5.7,4.5,2.5,9.0,32.8,40.0,5.6,18.45,16.7,6280.426124999999,,1189.4
2026-09-05 08:00:00+03:00,19.6,27.4,11.9,10.8,6.5,9.8,32.5,37.8,10.9,9.5,4.3,6.5,3.8,4.3,9.4,34.1,39.6,5.5,18.383333333333336,19.98333333333333,6212.5913287037065,,1397.3
2026-09-05 09:00:00+03:00,31.4,34.6,12.5,14.4,9.7,10.4,34.1,37.4,10.8,7.8,6.1,8.3,0.8,6.1,10.2,33.7,38.2,5.5,20.366666666666667,22.016666666666662,8448.115962962964,,1509.7
2026-09-05 10:00:00+03:00,34.9,38.9,13.0,19.9,14.4,10.7,32.0,34.6,10.9,7.7,8.3,11.0,3.5,10.4,10.9,34.0,38.9,5.5,22.0,24.25,10648.0,,1643.4
2026-09-05 11:00:00+03:00,33.6,39.6,13.2,17.3,18.7,10.9,29.6,32.0,10.6,12.0,14.0,13.5,5.7,10.1,11.6,32.5,38.5,5.9,21.78333333333333,25.48333333333333,10336.488162037034,,1792.5
2026-09-05 12:00:00+03:00,35.8,38.5,13.6,20.6,22.7,11.4,30.4,35.6,10.7,13.0,21.6,15.0,10.1,13.0,12.6,29.4,38.9,6.2,23.216666666666665,28.383333333333336,12514.09933796296,,2200.2
2026-09-05 13:00:00+03:00,35.8,39.6,13.3,19.1,27.4,11.8,31.2,37.4,10.5,13.4,23.8,15.5,12.5,17.3,13.2,31.7,39.2,6.4,23.95,30.783333333333342,13737.779874999998,,2370.8
2026-09-05 14:00:00+03:00,35.4,42.8,13.3,28.6,34.9,10.6,32.5,37.1,10.9,15.7,24.8,16.1,16.0,21.2,12.8,31.9,39.6,6.8,26.683333333333334,33.4,18998.54074537037,,2522.0
2026-09-05 15:00:00+03:00,36.5,40.7,13.7,33.6,36.0,10.4,33.1,39.2,11.1,15.2,25.6,16.1,20.0,24.5,12.4,32.4,42.5,7.7,28.466666666666665,34.75,23067.99496296296,,2830.6
2026-09-05 16:00:00+03:00,35.3,41.0,13.3,28.4,33.1,10.4,35.9,39.2,11.0,18.5,24.8,16.7,24.6,33.5,12.6,31.9,41.0,7.7,29.099999999999998,35.43333333333333,24642.170999999995,,3253.2
2026-09-05 17:00:00+03:00,34.7,39.2,12.9,29.4,30.6,10.5,35.5,37.8,11.2,15.1,32.8,16.8,25.8,32.0,12.3,28.8,41.8,7.8,28.21666666666667,35.699999999999996,22465.553504629635,,3485.1
2026-09-05 18:00:00+03:00,32.0,35.3,12.5,28.9,29.2,10.4,35.0,40.7,10.8,19.9,32.0,16.6,27.7,33.8,11.5,33.5,47.2,7.7,29.5,36.36666666666667,25672.375,,3533.0
2026-09-05 19:00:00+03:00,29.3,33.5,12.3,28.2,29.5,10.0,37.6,41.4,10.5,22.3,31.0,16.1,26.6,31.7,10.5,36.2,47.9,7.2,30.03333333333333,35.833333333333336,27090.10003703703,,3523.1
2026-09-05 20:00:00+03:00,28.2,30.2,11.9,25.4,29.2,9.8,35.8,41.0,10.1,24.5,33.8,14.5,29.7,32.0,9.8,34.9,47.9,6.9,29.75,35.68333333333333,26330.609375,,4074.1
2026-09-05 21:00:00+03:00,30.0,29.2,11.2,22.3,29.2,9.5,33.9,36.7,10.5,24.3,29.9,12.8,29.9,40.0,9.0,33.3,47.9,6.7,28.95,35.483333333333334,24263.067375,,3855.2
2026-09-05 22:00:00+03:00,28.9,25.2,10.6,21.8,25.2,9.3,35.6,37.1,10.6,24.5,23.4,11.6,32.8,37.8,8.3,36.2,50.8,6.4,29.96666666666667,33.25,26910.09996296297,,3745.7
2026-09-05 23:00:00+03:00,26.2,18.4,10.2,19.3,25.6,9.3,36.1,43.2,10.7,27.2,20.5,10.3,33.8,38.2,8.0,35.6,48.2,6.2,29.7,32.35,26198.072999999997,,3836.4
2026-09-06 00:00:00+03:00,25.3,15.8,10.2,18.1,14.8,9.2,36.9,47.2,10.4,24.3,21.2,9.4,35.0,38.9,7.9,34.7,46.4,5.7,29.05,30.71666666666667,24515.367625000003,,3670.6
2026-09-06 01:00:00+03:00,23.7,18.4,10.0,19.0,16.9,9.2,37.4,47.2,10.1,20.3,18.7,9.0,37.6,40.7,7.5,34.1,46.8,5.2,28.683333333333334,31.45,23598.742412037038,,3570.1
2026-09-06 02:00:00+03:00,24.9,19.4,10.1,21.5,19.1,9.1,37.1,48.6,9.8,21.1,16.9,8.8,38.0,41.4,7.1,33.8,46.1,5.2,29.399999999999995,31.916666666666668,25412.183999999987,,3642.4
2026-09-06 03:00:00+03:00,26.0,26.6,10.4,20.8,18.4,8.7,38.5,49.7,9.6,22.1,16.2,8.1,37.1,43.6,6.9,33.4,45.0,4.9,29.650000000000002,33.25,26065.982125000006,,3884.5
2026-09-06 04:00:00+03:00,28.1,29.9,10.2,24.2,25.6,9.0,40.2,50.8,9.3,23.9,14.4,7.9,37.2,43.9,6.6,31.8,43.2,5.0,30.900000000000006,34.63333333333333,29503.629000000015,,4180.2
2026-09-06 05:00:00+03:00,28.6,31.3,9.9,25.8,25.6,8.0,39.2,50.8,8.8,22.7,14.0,8.0,35.5,42.5,6.3,31.7,42.1,4.9,30.583333333333332,34.38333333333333,28605.82349537037,,4318.5
2026-09-06 06:00:00+03:00,29.2,31.7,9.2,27.2,22.7,7.2,39.8,49.0,8.5,18.8,14.4,7.3,33.8,43.9,6.1,30.6,41.8,5.1,29.899999999999995,33.916666666666664,26730.898999999987,,4440.5
2026-09-06 07:00:00+03:00,30.7,31.7,9.6,28.5,22.7,6.9,40.0,47.9,8.3,16.8,16.6,7.1,35.0,41.8,6.0,31.1,41.4,5.1,30.349999999999998,33.68333333333333,27956.067874999993,,4548.7
2026-09-06 08:00:00+03:00,31.3,34.9,9.5,28.2,34.2,7.7,38.1,47.5,8.2,21.9,17.3,7.9,36.1,40.3,5.9,32.1,41.8,5.1,31.28333333333333,36.0,30615.338578703697,,4414.6
2026-09-06 09:00:00+03:00,30.7,34.6,10.0,29.8,37.1,8.5,37.8,48.6,8.4,20.8,22.7,9.3,33.7,41.4,6.0,32.4,41.0,5.0,30.86666666666667,37.56666666666667,29408.250962962975,,4282.4
2026-09-06 10:00:00+03:00,29.6,36.0,10.4,31.2,38.2,9.2,37.8,46.8,8.4,22.3,29.2,10.9,34.3,40.0,6.1,33.7,41.0,5.1,31.48333333333333,38.53333333333333,31206.288745370362,,4272.9
2026-09-06 11:00:00+03:00,30.0,37.4,10.8,31.3,38.2,9.7,37.7,46.1,8.5,22.2,31.7,12.0,33.0,38.9,6.3,33.8,40.3,6.5,31.333333333333332,38.76666666666666,30762.37037037037,,4038.2
2026-09-06 12:00:00+03:00,30.1,37.1,11.2,31.4,38.5,10.0,38.0,44.6,8.7,21.3,32.8,12.9,32.7,37.4,6.5,32.9,40.7,7.0,31.066666666666666,38.51666666666667,29983.613629629628,,3529.9
2026-09-06 13:00:00+03:00,29.3,37.1,11.5,32.1,39.2,10.3,34.7,44.3,9.0,25.3,36.4,13.9,33.7,35.6,7.1,32.6,40.0,7.1,31.283333333333335,38.766666666666666,30615.338578703708,,3407.3
2026-09-06 14:00:00+03:00,28.3,37.1,11.8,31.1,39.2,10.5,31.3,41.4,9.3,29.7,44.3,14.3,33.7,36.7,7.6,31.5,35.3,7.4,30.933333333333337,39.0,29599.213037037047,2965.05,3348.7
2026-09-06 15:00:00+03:00,25.3,36.7,12.0,28.5,38.5,10.2,30.0,39.6,9.5,27.9,45.7,14.5,34.1,38.5,7.9,31.3,35.3,7.7,29.516666666666666,39.050000000000004,25715.91208796296,2796.45,3371.3
2026-09-06 16:00:00+03:00,23.5,36.7,11.9,27.3,37.4,10.1,31.8,41.0,9.7,29.1,45.7,14.5,34.0,37.4,8.0,29.9,36.4,7.8,29.266666666666666,39.1,25068.005629629628,2903.51,3254.2
2026-09-06 17:00:00+03:00,19.5,34.2,12.1,27.5,36.7,10.1,32.8,40.7,9.9,28.3,44.3,14.7,31.1,36.0,8.2,28.4,34.2,8.1,27.933333333333334,37.68333333333334,21795.573037037037,2950.2,3217.3
2026-09-06 18:00:00+03:00,14.2,28.4,12.0,29.0,33.5,9.5,30.4,37.8,10.1,24.6,40.3,14.0,30.9,38.2,7.9,26.9,32.8,8.1,26.0,35.166666666666664,17576.0,3084.69,2875.0
2026-09-06 19:00:00+03:00,10.8,23.8,11.4,25.2,30.2,9.1,29.3,36.4,10.1,24.2,37.1,13.2,28.3,36.7,7.8,24.4,34.2,7.2,23.7,33.06666666666666,13312.052999999998,2748.06,2611.0
2026-09-06 20:00:00+03:00,6.5,18.0,10.8,20.3,25.2,8.5,30.3,37.4,10.1,23.1,32.4,12.4,28.4,32.4,7.5,22.7,29.2,6.6,21.88333333333333,29.099999999999998,10479.496745370365,2435.51,2465.2
2026-09-06 21:00:00+03:00,5.2,11.2,9.6,15.7,18.7,6.9,28.6,38.2,9.6,19.9,26.6,11.1,30.2,30.2,7.3,22.3,27.0,5.5,20.316666666666666,25.316666666666663,8386.048421296297,2499.48,2256.3
2026-09-06 22:00:00+03:00,0.9,7.2,8.4,13.8,7.6,5.3,27.3,38.2,9.8,16.5,15.8,9.8,29.7,29.2,6.8,22.9,21.6,4.6,18.516666666666666,19.933333333333334,6348.752921296295,2378.01,2498.0
2026-09-06 23:00:00+03:00,7.0,8.3,7.8,16.9,8.6,4.0,25.4,29.2,9.7,13.3,13.0,9.0,29.9,30.6,6.4,22.5,20.2,3.8,19.166666666666668,18.316666666666666,7041.087962962964,2385.36,2341.4
2026-09-07 00:00:00+03:00,10.9,9.4,6.7,18.9,10.4,3.2,23.8,26.3,9.4,10.5,9.7,7.8,29.0,32.8,6.1,21.0,18.0,3.3,19.016666666666666,17.766666666666666,6877.065837962962,2533.67,2463.9
2026-09-07 01:00:00+03:00,15.6,9.7,6.2,18.7,9.4,3.4,22.0,27.0,9.4,9.2,5.4,7.4,28.6,30.2,5.7,18.7,14.0,2.0,18.8,15.950000000000001,6644.6720000000005,2428.77,2364.3
2026-09-07 02:00:00+03:00,19.6,10.4,6.0,19.8,9.4,4.2,20.3,21.2,8.8,9.0,7.9,7.1,28.0,29.2,5.4,17.6,13.3,1.3,19.05,15.233333333333333,6913.292625000001,2082.5,2374.4
2026-09-07 03:00:00+03:00,23.0,15.8,5.7,16.7,9.7,3.4,16.5,28.8,8.3,15.2,9.0,6.6,25.9,29.5,5.0,17.6,13.0,0.9,19.150000000000002,17.633333333333333,7022.735875000002,1860.03,2031.6
2026-09-07 04:00:00+03:00,23.0,18.7,5.6,15.6,9.4,3.0,17.3,28.4,6.6,18.9,10.4,6.1,25.2,28.1,4.5,17.0,11.2,0.5,19.500000000000004,17.7,7414.875000000004,1884.34,1931.7
2026-09-07 05:00:00+03:00,24.2,18.4,5.2,13.3,5.8,2.2,17.1,27.0,5.7,21.2,12.2,6.0,23.5,25.9,3.8,16.8,9.7,-0.1,19.349999999999998,16.500000000000004,7245.075374999998,1903.51,1936.0
2026-09-07 06:00:00+03:00,24.2,20.2,5.0,12.4,6.1,1.2,14.3,14.4,4.0,22.3,14.4,6.3,21.5,22.7,3.0,15.3,8.6,-0.3,18.333333333333332,14.399999999999999,6162.037037037036,2042.33,1914.4
2026-09-07 07:00:00+03:00,24.0,18.0,4.8,14.2,6.5,0.8,10.6,8.6,3.9,22.6,14.4,6.6,20.3,21.2,2.5,13.4,8.3,-0.3,17.51666666666667,12.833333333333334,5374.702087962965,1792.4,1815.3
2026-09-07 08:00:00+03:00,23.4,17.6,5.7,13.1,6.8,2.1,5.3,8.6,3.5,20.7,15.5,7.4,18.0,24.1,3.6,9.5,10.1,1.1,15.0,13.783333333333331,3375.0,1577.5,1648.3
2026-09-07 09:00:00+03:00,27.5,18.4,7.7,17.4,7.6,4.6,8.7,11.5,5.8,23.6,16.9,9.0,17.7,24.1,4.6,4.0,11.9,2.7,16.48333333333333,15.066666666666668,4478.526245370368,1214.35,1307.4
2026-09-07 10:00:00+03:00,24.3,18.0,9.5,13.5,9.7,8.3,6.5,14.0,7.6,20.7,17.3,11.9,15.6,24.1,5.9,2.3,11.2,4.4,13.816666666666665,15.716666666666667,2637.6055046296283,532.018,682.3
2026-09-07 11:00:00+03:00,16.1,18.7,12.4,10.6,13.0,11.6,2.7,14.0,9.7,13.5,26.3,13.9,14.5,26.6,6.5,1.4,10.8,6.2,9.8,18.23333333333333,941.1920000000002,315.168,406.3
2026-09-07 12:00:00+03:00,16.2,19.1,14.5,11.8,18.4,13.5,3.6,13.0,11.1,15.3,28.4,15.9,15.7,27.0,7.8,1.5,10.8,6.8,10.683333333333335,19.45,1219.3274120370377,398.143,398.8
2026-09-07 13:00:00+03:00,18.4,23.8,16.3,13.4,20.5,15.4,4.5,13.7,12.0,16.9,27.7,17.6,16.7,27.4,8.9,1.3,11.5,7.5,11.866666666666665,20.766666666666666,1671.037629629629,610.17,595.4
2026-09-07 14:00:00+03:00,20.9,24.8,18.1,19.8,22.7,16.1,6.1,14.0,13.2,24.5,29.2,18.9,14.7,27.4,9.7,3.6,13.0,9.0,14.933333333333335,21.849999999999998,3330.199703703705,934.645,887.3
2026-09-07 15:00:00+03:00,23.5,27.4,19.0,20.3,25.9,16.5,8.4,14.8,14.3,22.1,38.2,19.2,11.7,28.1,10.2,6.9,15.5,9.3,15.483333333333334,24.983333333333334,3711.8754120370377,1263.3,1355.1
2026-09-07 16:00:00+03:00,27.3,29.5,18.8,21.5,26.6,16.5,13.9,19.4,15.3,23.9,38.2,18.5,8.3,27.4,10.7,9.4,18.0,9.5,17.383333333333333,26.516666666666666,5252.90049537037,1705.79,1789.4
2026-09-07 17:00:00+03:00,31.5,34.6,17.7,23.4,26.6,16.3,18.0,23.0,15.0,25.8,31.3,17.5,5.8,20.5,11.0,11.7,19.8,9.4,19.366666666666667,25.96666666666667,7263.8126296296305,2074.87,2208.0
2026-09-07 18:00:00+03:00,31.8,36.4,17.0,22.0,28.1,16.3,24.0,22.7,14.4,27.4,32.4,17.1,3.4,16.9,11.1,14.8,20.9,9.0,20.566666666666666,26.233333333333334,8699.448629629629,2621.65,2583.9
2026-09-07 19:00:00+03:00,32.7,37.8,15.9,26.0,30.6,15.5,26.9,22.7,13.5,26.7,30.2,15.7,8.6,8.6,10.5,17.6,20.9,8.1,23.083333333333332,25.133333333333336,12299.729745370369,3524.07,3394.3
2026-09-07 20:00:00+03:00,29.6,39.2,15.0,26.7,25.6,14.8,28.0,25.9,13.0,33.5,23.4,14.6,14.8,11.2,9.3,20.3,19.4,7.3,25.483333333333334,24.11666666666667,16548.88374537037,4149.24,4681.4
2026-09-07 21:00:00+03:00,31.7,36.0,14.0,29.5,26.3,14.3,33.4,32.8,12.8,34.4,24.5,14.4,21.9,14.8,9.0,22.0,16.6,7.0,28.816666666666666,25.166666666666668,23929.36800462963,5092.24,5276.0
2026-09-07 22:00:00+03:00,29.3,34.6,14.2,30.1,27.0,13.8,37.7,33.8,12.8,36.7,30.2,14.7,25.7,15.5,8.6,23.0,18.7,6.7,30.416666666666668,26.633333333333336,28140.697337962967,5185.32,5492.0
2026-09-07 23:00:00+03:00,31.7,36.7,14.8,33.3,34.6,13.2,38.4,33.1,13.0,38.5,35.3,15.2,28.6,17.6,8.6,24.5,20.5,6.6,32.5,29.63333333333333,34328.125,5260.63,5500.4
2026-09-08 00:00:00+03:00,34.4,37.8,15.0,35.5,39.6,13.3,36.8,32.4,13.3,38.4,36.0,15.3,30.3,20.9,9.2,25.7,24.5,6.5,33.516666666666666,31.86666666666667,37651.515421296295,4941.17,5280.1
2026-09-08 01:00:00+03:00,35.1,38.2,15.2,32.6,39.6,13.1,36.2,34.2,13.3,35.7,29.2,15.5,32.2,25.6,10.0,27.9,26.6,6.6,33.28333333333334,32.233333333333334,36870.62024537039,4677.22,5092.3
2026-09-08 02:00:00+03:00,36.3,38.5,15.3,32.1,37.4,13.0,36.2,37.1,13.1,33.7,26.3,15.6,33.0,26.3,10.1,31.0,29.9,6.5,33.71666666666667,32.583333333333336,38329.56558796297,4903.64,5141.0
2026-09-08 03:00:00+03:00,35.9,38.5,15.5,33.2,35.6,13.2,33.4,38.2,13.0,33.1,22.3,15.5,33.3,25.9,10.4,31.3,32.4,5.9,33.36666666666667,32.15,37148.259296296295,4916.2,5371.3
2026-09-08 04:00:00+03:00,39.9,41.4,15.3,32.8,36.0,13.5,32.3,36.4,13.0,35.3,24.8,15.3,35.4,27.0,10.3,32.1,31.7,5.9,34.63333333333333,32.88333333333333,41541.567370370365,5030.74,5417.4
2026-09-08 05:00:00+03:00,42.4,42.5,14.9,33.4,39.6,13.8,35.5,34.9,12.9,37.7,23.0,15.2,37.3,27.4,10.4,32.6,26.6,6.1,36.483333333333334,32.333333333333336,48560.54291203704,4975.39,5595.1
2026-09-08 06:00:00+03:00,42.2,44.3,14.9,35.2,41.0,13.9,35.7,36.7,13.1,38.2,28.1,15.1,36.6,31.7,10.4,33.1,26.6,6.0,36.833333333333336,34.73333333333333,49971.578703703715,5899.48,5757.3
2026-09-08 07:00:00+03:00,43.7,47.5,14.8,36.2,47.2,13.9,43.2,38.5,13.4,35.5,32.4,14.5,36.5,32.8,10.5,31.5,27.0,6.3,37.76666666666667,37.56666666666666,53867.39396296299,6530.45,6325.1
2026-09-08 08:00:00+03:00,43.5,47.5,14.7,37.9,47.5,13.9,43.6,39.6,13.8,38.8,35.6,14.6,38.2,34.6,10.7,30.4,28.1,6.6,38.733333333333334,38.81666666666666,58110.501037037044,6555.37,6871.6
2026-09-08 09:00:00+03:00,42.2,48.2,15.0,38.7,47.2,13.7,42.0,39.2,14.2,36.4,42.1,15.5,40.7,35.6,11.3,30.3,29.2,7.3,38.38333333333333,40.25,56549.40799537037,6299.45,6705.0
2026-09-08 10:00:00+03:00,40.5,51.5,15.2,37.2,47.2,14.1,44.0,44.3,14.5,36.8,45.0,15.8,40.9,36.4,11.8,32.4,31.0,7.1,38.63333333333333,42.56666666666667,57661.5807037037,5983.84,6348.6
2026-09-08 11:00:00+03:00,42.4,51.5,15.5,39.5,49.7,14.3,44.8,47.5,14.7,32.1,41.8,16.3,40.0,38.5,12.6,33.8,35.3,7.9,38.76666666666667,44.050000000000004,58260.657296296326,5900.28,6163.7
2026-09-08 12:00:00+03:00,41.8,50.8,15.8,37.5,51.5,14.4,48.2,49.0,14.6,39.4,46.8,16.6,39.6,43.6,13.2,35.2,37.4,8.2,40.28333333333333,46.51666666666667,65369.656078703694,5233.41,5933.4
2026-09-08 13:00:00+03:00,38.2,46.4,15.4,33.8,49.0,14.3,53.4,52.6,14.8,37.9,45.7,16.9,39.5,47.5,13.4,38.2,39.6,8.7,40.166666666666664,46.800000000000004,64803.33796296295,4935.53,5682.2
2026-09-08 14:00:00+03:00,32.1,37.8,15.4,34.5,46.4,13.8,51.0,56.2,15.0,34.2,44.3,17.0,37.4,47.9,13.6,38.2,42.1,9.2,37.900000000000006,45.78333333333333,54439.93900000003,4669.2,5291.0
2026-09-08 15:00:00+03:00,21.2,30.6,14.8,28.3,32.0,13.8,43.1,58.3,15.2,31.7,37.8,17.3,35.2,45.4,13.7,39.9,43.9,10.1,33.233333333333334,41.333333333333336,36704.702703703704,4890.76,4802.6
2026-09-08 16:00:00+03:00,19.7,29.2,14.4,24.6,30.6,13.8,34.3,58.3,15.0,30.5,36.7,17.6,36.8,44.3,13.8,33.3,41.0,11.0,29.866666666666664,40.01666666666667,26641.59762962962,4547.05,4632.0
2026-09-08 17:00:00+03:00,30.5,25.2,14.7,25.2,30.2,13.8,30.4,44.3,14.6,27.1,36.7,17.5,36.3,40.0,13.8,37.0,36.7,11.9,31.083333333333332,35.51666666666666,30031.896412037033,4256.07,4364.5
2026-09-08 18:00:00+03:00,30.7,36.7,14.9,25.5,28.4,13.3,32.6,33.8,14.4,22.8,32.8,17.1,36.4,34.9,13.8,37.9,39.6,12.2,30.983333333333334,34.36666666666667,29742.975828703708,4562.04,4272.7
2026-09-08 19:00:00+03:00,30.3,37.8,15.5,30.4,28.4,12.7,27.8,27.7,14.3,26.0,29.5,17.0,43.7,38.5,13.3,39.0,44.3,12.0,32.86666666666667,34.36666666666667,35503.15762962963,4093.33,4116.9
2026-09-08 20:00:00+03:00,28.2,36.7,15.2,33.3,24.1,12.2,23.3,26.3,13.3,26.8,27.7,16.2,44.8,44.6,12.9,39.1,52.6,10.4,32.58333333333333,35.333333333333336,34592.86516203702,3758.97,3723.9
2026-09-08 21:00:00+03:00,24.8,28.8,14.7,30.1,17.6,12.2,19.0,14.8,11.9,26.9,25.9,15.6,37.5,48.2,12.8,37.3,47.9,9.5,29.26666666666667,30.533333333333335,25068.005629629635,3958.05,3729.9
2026-09-08 22:00:00+03:00,26.6,22.3,14.3,27.9,18.0,13.0,19.0,14.0,11.0,26.2,20.5,15.2,31.8,44.3,12.7,35.4,42.1,8.9,27.816666666666666,26.866666666666664,21523.617171296297,3691.45,3766.8
2026-09-08 23:00:00+03:00,24.1,24.1,14.1,29.5,22.0,13.3,18.3,12.2,10.6,26.1,18.4,14.6,29.4,22.3,12.6,31.2,39.6,8.5,26.433333333333334,23.099999999999998,18469.52803703704,3631.61,3629.7
2026-09-09 00:00:00+03:00,27.5,25.9,14.2,27.5,22.7,13.0,18.0,14.4,11.3,27.5,19.1,14.3,27.4,14.8,12.5,28.1,33.8,7.3,26.0,21.78333333333333,17576.0,3510.95,3519.5
2026-09-09 01:00:00+03:00,27.6,24.8,14.0,27.9,22.7,12.8,22.3,16.6,11.8,27.0,20.9,14.0,25.5,13.7,12.5,25.1,24.5,6.6,25.900000000000002,20.533333333333335,17373.979000000003,3500.29,3451.4
2026-09-09 02:00:00+03:00,27.1,21.2,13.8,28.4,23.0,12.7,20.7,22.0,12.3,26.5,20.9,13.9,24.6,17.3,12.6,23.8,18.4,5.9,25.183333333333337,20.466666666666665,15971.276995370377,3362.72,3569.2
2026-09-09 03:00:00+03:00,28.0,17.6,13.5,26.2,22.7,12.6,18.4,25.6,12.4,24.6,19.1,14.0,26.3,22.0,12.9,18.4,14.4,4.8,23.649999999999995,20.233333333333334,13227.977124999992,3185.92,3130.0
2026-09-09 04:00:00+03:00,29.1,19.4,13.3,28.7,23.0,12.7,19.8,25.9,12.8,24.2,16.6,14.0,28.9,23.0,13.0,17.5,10.1,4.7,24.7,19.666666666666668,15069.222999999998,3140.78,2963.2
2026-09-09 05:00:00+03:00,26.1,21.2,13.1,28.8,20.5,12.6,23.3,21.2,12.8,24.0,16.9,13.8,31.1,22.0,12.9,16.8,7.2,5.3,25.01666666666667,18.166666666666668,15656.270837962968,2989.21,2995.7
2026-09-09 06:00:00+03:00,25.6,21.2,13.1,27.9,18.4,12.8,24.7,22.0,13.0,19.9,26.6,13.9,29.4,23.0,12.9,14.3,7.6,5.2,23.633333333333336,19.799999999999997,13200.03070370371,2573.7,2597.7
2026-09-09 07:00:00+03:00,24.6,19.4,13.0,27.1,20.5,12.9,20.2,22.0,13.1,14.9,25.9,13.7,28.4,24.1,12.8,11.1,6.5,5.7,21.05,19.733333333333334,9327.307625000001,2219.53,2186.8
2026-09-09 08:00:00+03:00,21.9,20.2,13.1,26.2,21.6,13.1,21.3,20.9,13.3,10.3,15.8,14.0,26.0,23.8,13.0,10.6,5.0,6.3,19.38333333333333,17.883333333333333,7282.5821620370325,1892.18,1835.4
2026-09-09 09:00:00+03:00,21.6,24.1,13.6,26.8,22.0,13.3,26.7,21.6,13.7,16.3,18.4,14.1,25.2,24.5,13.4,12.3,4.7,7.0,21.483333333333334,19.216666666666665,9915.280412037038,1636.69,1629.3
2026-09-09 10:00:00+03:00,16.1,23.8,14.3,24.4,26.3,14.1,27.0,20.2,14.0,17.0,18.4,14.1,24.8,25.6,13.6,10.4,4.7,7.7,19.95,19.833333333333332,7940.149874999999,1291.55,1279.8
2026-09-09 11:00:00+03:00,2.1,20.5,14.6,19.2,26.6,14.6,23.0,21.2,15.0,19.6,16.6,14.3,21.5,25.6,14.0,9.2,6.5,8.8,15.766666666666667,19.5,3919.40062962963,914.725,1006.1
2026-09-09 12:00:00+03:00,3.9,15.1,15.1,14.5,26.6,14.7,17.8,22.7,15.2,18.6,18.7,14.6,21.5,21.6,14.1,8.8,14.4,10.8,14.183333333333335,19.850000000000005,2853.217828703705,578.847,725.7
2026-09-09 13:00:00+03:00,1.6,13.3,15.2,9.8,22.7,14.6,18.7,15.1,15.5,12.2,15.8,14.9,19.3,18.7,14.2,8.2,15.1,11.9,11.633333333333333,16.783333333333335,1574.3907037037036,404.539,433.3
2026-09-09 14:00:00+03:00,5.8,19.4,15.1,13.8,14.4,15.1,17.5,10.8,16.3,12.1,17.3,15.6,18.2,17.6,13.9,7.0,14.0,12.3,12.4,15.583333333333334,1906.6240000000003,242.009,339.4
2026-09-09 15:00:00+03:00,9.1,16.6,14.3,9.3,15.5,14.4,17.5,11.5,16.5,8.4,17.6,16.4,13.6,15.5,14.1,8.5,11.5,13.0,11.066666666666668,14.700000000000001,1355.3469629629635,180.829,198.0
2026-09-09 16:00:00+03:00,6.2,16.2,13.9,6.9,13.3,13.6,13.2,11.9,15.6,9.5,17.3,16.0,11.8,13.0,14.6,9.6,11.2,12.1,9.533333333333333,13.816666666666668,866.4317037037036,79.829,181.6
2026-09-09 17:00:00+03:00,8.0,22.7,13.5,6.6,12.6,13.4,13.6,10.4,15.0,10.2,15.1,15.8,12.9,13.0,14.8,9.5,11.5,11.0,10.133333333333333,14.216666666666667,1040.5357037037036,31.498,103.5
2026-09-09 18:00:00+03:00,2.7,24.5,13.2,6.4,6.5,13.4,12.2,5.4,14.7,11.1,15.8,15.4,12.6,11.5,14.6,8.0,10.4,11.4,8.833333333333334,12.350000000000001,689.2453703703706,33.668,102.1
2026-09-09 19:00:00+03:00,2.4,20.5,13.0,2.7,3.6,13.0,12.8,8.6,14.3,12.9,14.4,15.2,10.9,11.5,14.1,8.4,10.1,10.5,8.35,11.450000000000001,582.182875,1.168,140.5
2026-09-09 20:00:00+03:00,4.5,13.7,12.7,4.1,5.0,13.3,11.5,8.3,13.9,13.6,14.4,14.7,11.4,7.9,13.5,7.6,4.0,9.6,8.783333333333333,8.883333333333333,677.6073287037037,23.825,140.4
2026-09-09 21:00:00+03:00,10.5,17.3,12.4,6.1,4.7,11.9,12.5,6.8,13.3,12.1,12.2,14.4,11.1,5.4,13.0,8.5,4.3,8.0,10.133333333333335,8.45,1040.535703703704,41.0,182.5
2026-09-09 22:00:00+03:00,7.7,15.8,12.0,7.4,6.1,12.1,11.2,4.7,12.8,17.4,9.0,14.0,10.2,9.4,12.7,11.1,5.0,6.0,10.833333333333334,8.333333333333332,1271.4120370370372,74.661,220.3
2026-09-09 23:00:00+03:00,4.9,13.7,11.7,12.8,9.7,12.0,5.6,9.7,12.4,9.8,10.4,13.6,9.2,8.3,12.2,12.3,4.3,4.5,9.100000000000001,9.35,753.5710000000004,109.996,285.7
2026-09-10 00:00:00+03:00,12.2,15.1,11.5,15.1,7.9,11.4,8.1,19.1,12.3,10.6,10.1,12.7,6.4,6.5,12.2,13.9,4.3,3.7,11.049999999999999,10.5,1349.2326249999996,203.326,415.0
2026-09-10 01:00:00+03:00,14.7,14.0,11.3,17.6,5.8,11.1,9.7,19.4,12.0,7.8,10.8,12.2,1.5,7.6,12.3,13.9,4.3,3.5,10.866666666666667,10.316666666666666,1283.1842962962965,390.002,450.9
2026-09-10 02:00:00+03:00,15.5,11.2,11.1,17.0,13.0,11.2,17.4,17.3,11.8,2.8,12.2,12.2,4.6,9.4,12.3,15.6,6.8,3.7,12.149999999999999,11.65,1793.6133749999995,528.16,684.4
2026-09-10 03:00:00+03:00,20.8,13.0,11.4,17.6,13.3,11.1,15.2,17.6,11.4,2.2,13.0,11.9,11.4,12.2,12.2,13.5,10.4,2.6,13.450000000000003,13.250000000000002,2433.1386250000014,775.99,782.5
2026-09-10 04:00:00+03:00,17.3,15.5,11.4,18.5,10.4,11.2,17.0,13.0,11.5,4.5,13.0,11.0,13.7,12.6,12.2,10.1,9.4,2.5,13.516666666666666,12.316666666666668,2469.4987546296293,1038.83,1027.5
2026-09-10 05:00:00+03:00,20.5,13.3,11.3,16.8,11.2,11.0,20.3,16.6,11.6,1.5,8.6,10.5,16.6,15.5,12.2,10.7,8.6,1.6,14.399999999999999,12.299999999999999,2985.983999999999,1262.81,1266.8
2026-09-10 06:00:00+03:00,24.0,16.2,10.8,17.0,15.8,11.0,23.3,21.2,11.9,4.5,6.5,10.0,18.5,17.6,12.1,11.9,8.6,1.0,16.533333333333335,14.316666666666668,4519.405037037039,1539.81,1768.1
2026-09-10 07:00:00+03:00,27.5,17.3,10.8,16.4,17.3,11.2,26.6,27.0,12.1,11.1,8.6,10.5,18.8,18.7,12.2,10.1,8.6,1.1,18.416666666666664,16.25,6246.447337962961,1915.32,1920.8
2026-09-10 08:00:00+03:00,28.3,17.6,11.3,18.1,18.7,11.7,28.3,27.7,11.6,13.9,9.7,11.1,17.1,18.4,12.1,8.3,9.4,1.7,19.000000000000004,16.916666666666668,6859.000000000004,2131.4,2029.0
2026-09-10 09:00:00+03:00,29.7,28.4,12.1,21.8,22.0,12.1,25.7,29.5,11.7,16.5,10.1,11.4,18.8,15.8,11.9,4.7,10.8,4.4,19.533333333333335,19.433333333333334,7452.965037037039,1733.33,1832.5
2026-09-10 10:00:00+03:00,26.0,36.0,12.6,17.6,30.2,12.2,26.7,30.6,12.3,17.9,20.9,11.4,17.5,16.6,11.9,6.7,11.5,5.8,18.73333333333333,24.3,6574.234370370367,1616.83,1594.8
2026-09-10 11:00:00+03:00,26.2,36.4,13.6,19.3,29.9,13.4,26.3,34.2,13.4,13.6,20.9,13.0,17.2,18.0,12.2,7.5,19.4,8.4,18.349999999999998,26.46666666666667,6178.857874999998,1547.05,1635.5
2026-09-10 12:00:00+03:00,28.1,32.4,14.0,21.3,28.8,14.2,25.7,35.3,13.7,17.0,25.6,14.1,15.0,23.8,12.3,9.5,19.4,10.9,19.433333333333334,27.55,7339.084703703704,1630.18,1700.2
2026-09-10 13:00:00+03:00,28.0,32.4,14.4,21.9,29.9,15.0,27.4,33.8,13.8,15.9,27.4,14.3,17.4,25.9,12.3,10.9,19.8,12.5,20.25,28.200000000000003,8303.765625,1890.57,1833.9
2026-09-10 14:00:00+03:00,27.5,34.9,14.9,19.4,34.6,15.4,26.8,37.4,14.0,18.7,23.4,15.6,18.4,27.4,12.3,12.9,19.8,12.9,20.61666666666667,29.58333333333334,8763.051171296302,1943.8,2152.7
2026-09-10 15:00:00+03:00,27.8,34.9,15.2,23.2,38.2,15.0,27.4,39.2,13.6,19.2,24.5,16.8,19.7,26.6,12.2,14.3,20.9,14.0,21.933333333333337,30.71666666666667,10551.493037037042,1996.28,2198.4
2026-09-10 16:00:00+03:00,29.2,34.6,15.2,26.9,37.1,14.6,32.9,39.2,13.7,18.9,26.3,15.9,20.8,26.3,12.2,14.8,24.8,12.7,23.91666666666667,31.38333333333334,13680.499421296305,2444.11,2444.6
2026-09-10 17:00:00+03:00,28.8,32.8,14.8,29.6,35.6,14.4,35.7,40.7,14.5,14.8,28.1,16.1,23.3,21.6,12.2,14.0,24.8,13.6,24.36666666666667,30.600000000000005,14467.329296296304,2659.63,2873.0
2026-09-10 18:00:00+03:00,28.5,32.4,14.5,28.1,36.4,13.7,33.4,40.0,14.3,18.3,30.2,15.6,25.3,22.7,12.0,15.5,23.0,13.2,24.849999999999998,30.78333333333333,15345.434124999996,2752.0,2963.1
2026-09-10 19:00:00+03:00,29.1,32.0,13.8,28.4,34.6,12.5,32.9,41.0,14.1,21.3,30.2,15.1,27.2,23.8,11.7,19.1,20.2,12.4,26.333333333333332,30.299999999999997,18260.7037037037,,3266.2
2026-09-10 20:00:00+03:00,26.7,31.7,13.0,27.0,31.0,11.2,32.2,39.6,13.8,24.8,26.6,14.4,27.3,23.8,11.3,20.2,15.1,10.5,26.366666666666664,27.96666666666667,18330.135962962955,,3602.8
2026-09-10 21:00:00+03:00,25.8,23.0,12.1,24.8,22.0,9.8,32.5,36.4,13.6,29.0,26.3,13.7,26.6,22.7,11.1,18.7,13.3,8.3,26.23333333333333,23.950000000000003,18053.459370370365,,3706.4
2026-09-10 22:00:00+03:00,22.7,14.4,11.5,23.7,14.8,8.8,31.8,30.6,13.3,27.3,27.4,12.7,27.2,23.4,11.0,18.3,9.7,6.6,25.166666666666668,20.05,15939.587962962965,,3584.4
2026-09-10 23:00:00+03:00,22.1,14.8,11.3,24.1,13.3,8.3,33.1,37.4,12.8,26.9,21.2,11.2,25.6,23.4,10.9,18.5,6.8,5.2,25.05,19.48333333333333,15718.937625,,3409.8
2026-09-11 00:00:00+03:00,22.9,14.4,11.3,24.4,13.0,8.1,32.1,37.8,12.1,25.3,18.0,10.0,23.5,22.7,10.8,19.8,6.5,4.1,24.666666666666668,18.73333333333333,15008.2962962963,,3253.7
2026-09-11 01:00:00+03:00,23.5,14.4,11.3,25.6,13.7,8.2,30.5,30.2,11.6,22.7,16.9,9.1,22.4,21.6,10.9,20.4,7.2,3.4,24.183333333333334,17.333333333333332,14143.226162037037,,3277.1
2026-09-11 02:00:00+03:00,26.0,14.4,11.2,26.3,13.7,8.5,28.7,27.7,11.6,23.5,16.2,8.3,21.0,21.2,11.0,19.7,7.2,2.9,24.2,16.733333333333334,14172.488,,3515.0
2026-09-11 03:00:00+03:00,26.1,19.8,11.6,26.6,16.2,8.7,29.5,24.1,11.6,24.5,16.2,7.6,23.0,22.0,11.0,21.2,7.9,2.7,25.149999999999995,17.7,15907.940874999991,,3712.6
2026-09-11 04:00:00+03:00,24.8,20.2,11.3,27.4,17.6,9.0,30.0,30.2,11.7,23.8,14.4,7.3,22.2,21.2,11.1,22.6,11.2,2.5,25.13333333333333,19.133333333333336,15876.335703703697,,3764.6
2026-09-11 05:00:00+03:00,24.8,18.0,11.1,27.0,17.6,9.5,29.3,31.0,11.5,24.5,14.0,7.3,21.4,20.5,11.2,22.7,11.5,2.4,24.95,18.766666666666666,15531.437375,,3717.2
2026-09-11 06:00:00+03:00,25.2,19.1,11.0,26.2,20.5,10.0,28.1,30.2,11.4,23.3,12.2,7.6,23.3,19.1,11.1,22.4,10.8,2.3,24.75,18.65,15160.921875,,3579.0
2026-09-11 07:00:00+03:00,24.5,21.6,10.9,25.6,17.6,10.1,27.4,29.5,11.4,23.0,11.9,8.0,22.0,19.4,11.4,23.6,9.7,2.4,24.349999999999998,18.283333333333335,14437.662874999996,,3282.2
2026-09-11 08:00:00+03:00,24.6,23.0,11.5,25.7,26.3,10.4,28.3,31.3,11.5,22.2,11.2,9.3,22.0,18.7,11.5,23.5,11.5,3.6,24.383333333333336,20.333333333333332,14497.036328703709,,2883.9
2026-09-11 09:00:00+03:00,23.5,26.6,12.4,23.2,26.3,10.9,28.2,31.7,11.7,20.1,16.9,11.4,21.7,19.1,11.4,27.6,15.1,5.7,24.05,22.616666666666664,13910.580125,,2284.2
2026-09-11 10:00:00+03:00,21.8,28.8,13.4,21.9,28.1,11.4,24.1,31.7,12.0,17.2,24.8,13.5,20.6,19.4,11.5,18.8,16.9,7.9,20.733333333333338,24.950000000000003,8912.661037037044,,1815.6
2026-09-11 11:00:00+03:00,20.6,28.4,14.0,21.3,28.1,11.7,24.2,31.3,12.0,17.6,25.9,14.9,20.4,19.1,11.6,24.4,23.0,10.2,21.41666666666667,25.966666666666665,9823.259837962969,,1660.9
2026-09-11 12:00:00+03:00,20.2,28.1,14.7,24.1,27.7,12.7,20.5,29.5,12.8,20.2,32.4,15.7,21.3,19.1,11.7,27.5,27.0,12.1,22.3,27.299999999999997,11089.567000000001,,1543.7
2026-09-11 13:00:00+03:00,19.5,28.1,15.4,22.0,28.4,13.2,21.8,31.0,13.0,21.8,34.2,16.2,21.0,19.8,11.6,25.4,28.8,13.4,21.916666666666668,28.383333333333336,10527.457754629631,,1470.0
2026-09-11 14:00:00+03:00,18.9,28.4,15.7,21.8,28.1,13.9,19.5,29.5,12.9,21.9,36.0,16.5,19.5,19.8,11.5,24.1,31.7,14.0,20.95,28.916666666666668,9195.007375,,1440.8
2026-09-11 15:00:00+03:00,18.2,28.1,15.8,20.3,27.7,13.8,21.1,29.2,13.4,20.5,36.4,16.6,18.9,18.0,11.6,22.7,31.7,14.2,20.283333333333335,28.516666666666666,8344.83941203704,,1407.9
2026-09-11 16:00:00+03:00,16.8,27.4,15.8,19.8,25.6,13.6,20.6,27.7,13.5,20.2,36.7,16.5,19.7,17.6,11.2,20.8,31.3,14.2,19.650000000000002,27.71666666666667,7587.307125000002,,1359.5
2026-09-11 17:00:00+03:00,13.8,25.6,15.7,20.7,24.8,12.9,18.3,23.4,13.6,19.0,35.6,16.2,19.2,16.9,10.9,19.6,30.2,13.9,18.433333333333334,26.083333333333332,6263.421370370371,,1304.3
2026-09-11 18:00:00+03:00,10.7,23.8,15.3,22.3,24.8,12.3,18.9,19.4,13.3,18.3,33.5,15.7,18.7,15.5,10.8,17.0,28.4,13.4,17.650000000000002,24.233333333333334,5498.372125000002,,1263.9
2026-09-11 19:00:00+03:00,10.6,20.9,14.7,21.0,18.4,11.9,18.7,16.2,13.1,17.5,29.5,15.0,18.4,15.5,10.6,18.8,25.6,12.2,17.499999999999996,21.016666666666666,5359.374999999996,,1255.9
2026-09-11 20:00:00+03:00,12.3,16.9,13.6,20.3,17.3,11.4,15.9,8.6,12.5,17.0,26.6,13.9,18.0,15.8,10.3,20.3,17.6,10.0,17.3,17.133333333333336,5177.717000000001,,1254.4
2026-09-11 21:00:00+03:00,14.8,12.2,12.6,18.0,11.9,10.5,12.6,5.8,12.0,16.2,13.7,12.3,16.7,13.7,10.3,18.8,11.5,8.1,16.183333333333334,11.466666666666667,4238.419495370371,,1203.3
2026-09-11 22:00:00+03:00,14.8,9.0,12.0,16.7,13.7,9.7,8.2,7.6,11.7,14.1,8.3,11.0,16.8,14.8,10.0,19.4,11.5,6.8,15.0,10.816666666666665,3375.0,,1074.4
2026-09-11 23:00:00+03:00,12.4,7.2,11.3,17.1,16.6,9.1,6.1,14.0,11.6,12.1,6.8,10.0,15.6,16.2,9.9,16.8,12.2,5.7,13.350000000000001,12.166666666666666,2379.270375000001,,968.2
2026-09-12 00:00:00+03:00,10.1,5.4,10.7,17.7,15.5,8.9,11.6,31.7,12.0,9.7,8.3,9.0,15.3,16.9,9.7,16.3,12.6,5.0,13.449999999999998,15.066666666666663,2433.1386249999987,,931.1
2026-09-12 01:00:00+03:00,8.2,7.2,10.4,17.0,13.7,8.8,17.1,33.1,12.0,10.1,8.3,8.3,14.4,16.2,9.6,16.7,9.7,4.7,13.916666666666666,14.700000000000001,2695.2910879629626,,910.4
2026-09-12 02:00:00+03:00,6.7,8.6,9.9,13.4,7.2,8.3,17.5,32.4,12.1,8.7,6.1,7.7,13.6,12.6,9.6,15.9,8.3,4.2,12.633333333333333,12.533333333333333,2016.2940370370368,,836.0
2026-09-12 03:00:00+03:00,7.6,8.6,9.4,11.2,7.9,8.2,17.3,30.6,12.0,4.7,6.1,7.3,13.3,14.0,9.6,17.5,7.9,3.9,11.933333333333332,12.516666666666667,1699.359703703703,,733.3
2026-09-12 04:00:00+03:00,8.9,7.9,9.0,11.0,6.8,8.0,18.3,28.8,11.9,7.4,5.0,7.3,14.7,15.1,9.6,16.3,7.6,3.6,12.766666666666666,11.866666666666667,2080.810629629629,,676.5
2026-09-12 05:00:00+03:00,7.8,7.6,8.5,11.5,5.4,7.5,18.9,25.6,12.1,9.4,8.6,7.4,16.8,15.8,9.6,14.7,8.3,3.6,13.183333333333335,11.883333333333333,2291.266995370371,,654.1
2026-09-12 06:00:00+03:00,9.2,6.8,8.3,10.1,7.2,7.0,20.7,26.3,12.0,13.9,9.0,7.2,13.3,16.6,9.6,13.7,9.0,3.5,13.483333333333334,12.483333333333334,2451.2737453703708,,664.4
2026-09-12 07:00:00+03:00,11.7,7.2,8.0,8.7,7.2,6.7,20.7,26.3,11.6,14.0,7.9,7.1,9.9,17.3,9.6,14.4,8.3,3.8,13.233333333333334,12.366666666666667,2317.4360370370377,,661.9
2026-09-12 08:00:00+03:00,14.4,6.1,8.5,7.0,6.5,7.2,18.6,19.4,12.0,16.5,7.9,8.0,10.1,16.2,9.8,13.7,9.4,4.7,13.383333333333333,10.916666666666666,2397.137162037037,,591.4
2026-09-12 09:00:00+03:00,15.2,6.1,10.0,8.7,10.8,8.5,16.0,22.3,13.0,16.3,9.7,9.4,11.0,13.0,9.9,11.2,10.1,5.9,13.066666666666668,12.0,2230.9736296296305,,455.6
2026-09-12 10:00:00+03:00,14.4,10.1,12.4,10.7,9.7,10.2,12.7,23.0,13.8,14.9,12.2,11.3,12.4,16.2,10.2,7.3,10.1,7.2,12.066666666666665,13.549999999999999,1756.9602962962954,,323.8
2026-09-12 11:00:00+03:00,12.3,16.2,14.6,7.7,10.1,12.1,10.8,23.0,14.5,9.0,16.9,13.8,11.2,16.2,10.5,9.5,12.2,9.1,10.083333333333334,15.766666666666666,1025.2089120370372,,215.7
2026-09-12 12:00:00+03:00,11.2,18.0,15.9,8.1,11.9,14.0,10.6,22.0,15.0,7.8,20.2,15.5,11.0,17.3,11.3,12.3,15.1,10.8,10.166666666666666,17.416666666666664,1050.8379629629628,,181.3
2026-09-12 13:00:00+03:00,12.2,19.8,17.1,6.9,15.5,15.4,10.9,22.0,15.3,6.3,21.6,16.9,11.5,16.6,11.8,12.3,16.2,12.2,10.016666666666666,18.616666666666667,1005.0083379629626,,163.3
2026-09-12 14:00:00+03:00,14.7,24.1,17.6,5.5,17.3,16.5,9.5,20.5,15.3,4.2,22.0,17.5,12.6,13.3,12.2,10.5,15.8,13.1,9.5,18.833333333333332,857.375,,159.1
2026-09-12 15:00:00+03:00,14.0,24.8,17.7,5.6,16.2,17.1,8.7,19.4,15.3,3.1,22.0,17.8,12.2,14.8,12.5,9.1,16.2,13.7,8.783333333333333,18.900000000000002,677.6073287037037,,154.6
2026-09-12 16:00:00+03:00,13.1,24.5,17.8,7.5,20.2,17.2,8.1,18.0,15.4,3.2,22.7,17.5,12.6,14.8,12.6,7.5,15.8,13.8,8.666666666666666,19.333333333333332,650.9629629629628,,152.6
2026-09-12 17:00:00+03:00,14.2,23.0,17.4,8.1,24.8,16.5,7.8,16.9,15.2,0.7,22.3,17.1,10.9,13.3,12.5,7.5,14.8,13.7,8.2,19.18333333333333,551.3679999999998,,174.4
2026-09-12 18:00:00+03:00,13.2,19.8,16.9,8.7,23.0,15.7,6.7,15.5,14.9,4.6,18.7,16.7,9.9,10.4,12.3,8.0,12.6,13.4,8.516666666666666,16.666666666666668,617.7445879629628,,184.5
2026-09-12 19:00:00+03:00,11.8,16.2,16.1,11.1,14.4,14.3,5.1,12.6,14.1,9.1,18.4,15.9,12.1,8.3,11.7,8.9,9.7,12.5,9.683333333333334,13.266666666666667,907.9765787037038,,
2026-09-12 20:00:00+03:00,10.9,12.6,14.9,11.0,3.6,12.0,6.4,8.3,12.6,9.4,18.0,15.0,13.1,4.7,11.2,7.2,6.8,10.6,9.666666666666666,9.0,903.2962962962961,,
2026-09-12 21:00:00+03:00,9.3,8.6,13.7,7.7,5.4,10.2,7.7,6.5,10.9,12.7,18.0,14.2,11.6,4.7,10.8,6.3,7.6,9.1,9.216666666666667,8.466666666666667,782.9276712962964,,
2026-09-12 22:00:00+03:00,14.8,14.4,12.8,3.5,6.8,9.1,12.5,7.6,10.0,12.8,17.6,13.4,7.9,4.7,10.1,8.2,6.8,8.0,9.950000000000001,9.65,985.0748750000004,,
2026-09-12 23:00:00+03:00,16.8,14.8,12.4,5.7,6.5,8.6,15.7,9.4,9.6,11.1,15.1,12.9,4.7,4.3,9.9,9.4,4.7,7.4,10.566666666666668,9.133333333333335,1179.8152962962968,,
